UUID,Title,"First Name","Last Name","Street Address",Barangay,Municipality,Province,Country,"Phone Number","Mobile Number","Company Name","Company Website","Job Title","Favorite Color",Birthdate,"Email Address",Password
d890ad64-3bd3-322b-bd03-c23c3496548c,Ms.,Dominique,Morissette,"40A/33 Zboncak Manor Apt. 197","Roob Loaf",Muntinlupa,Oregon,"Trinidad and Tobago",445-751-997,689-179-752,"Upton, Barrows and Parker",bogan.biz,"Insurance Investigator",teal,1985-02-22,nikolaus.chaya@gmail.com,oPs05UlGx<KH-lPA
823cfd5f-4e33-3cce-9efd-b1f78fd8cb91,Mr.,Ernestina,Cummings,"76 Thiel Well","Moen Mall",Himamaylan,"New Hampshire",Poland,371-033-036,428-655-371,"Grady and Sons",littel.com,"Elementary School Teacher",lime,1993-11-15,erwin62@yahoo.com,"|!h!3hL.p0gE,8dmcy"
fb56cf27-94fe-3751-801b-a3c0bd3bc5b8,Prof.,Hans,Boyer,"18/58 Ullrich Lakes Apt. 851","Effertz Flat","San Fernando",Illinois,"Svalbard & Jan Mayen Islands",042-961-575,700-303-753,"Brown, Bernhard and Abernathy",weber.com,"Veterinary Assistant OR Laboratory Animal Caretaker",lime,1975-07-30,alangosh@crona.net,"%V8GpwrJV[6x,"
e82af25d-0abb-32c5-a975-6e5b1ecea693,Miss,Chadrick,Schuster,"77A Ward Isle","Howe Pines",Pasig,Iowa,Albania,084-544-559,622-894-819,"Von Inc",watsica.net,"HR Manager",white,2012-07-07,rau.elnora@hotmail.com,{c))v%z6=Feu
5d8add66-8c2c-3908-9204-d27bb3ce4565,Mrs.,Amani,Hettinger,"07A/46 Langworth Plains Apt. 494","Raynor Circle",Pasay,"West Virginia","United States Virgin Islands",555-302-514,038-203-616,"Crona, Blick and Yost",heaney.biz,"Probation Officers and Correctional Treatment Specialist",olive,1998-12-28,newell.sanford@larkin.com,vr(uA>^f.&
fc9db76c-a86d-3fe0-ae82-b0908e664b4f,Miss,Hobart,Flatley,"17/96 Runolfsdottir Knolls","Wolff Stream",Tabaco,Connecticut,Congo,175-448-321,580-117-966,"West and Sons",frami.com,"Health Specialties Teacher",black,1995-03-19,adrien.ruecker@gaylord.com,"-}Ut`PV+""\"
f5d9c6ae-53aa-35ee-9330-e6bd33f47bbf,Prof.,Joel,Toy,"66A Effertz Wall Apt. 794","Kulas Court",Manila,Texas,Montenegro,935-614-916,807-296-305,"Waelchi, Schinner and Fadel",kertzmann.com,"Physical Therapist",white,1982-11-10,roob.beaulah@yahoo.com,?^;~8wq
863bb955-3506-3ece-9f2c-689275946a50,Dr.,Melyna,Ebert,"87A/29 King Fords","Mohr Centers",Mandaluyong,Texas,Palau,941-061-737,760-235-419,"Cartwright, Brown and Borer",yundt.com,"Underground Mining",black,2016-12-23,kenya.champlin@gmail.com,sfssqe{
a9ad8774-b737-3af4-a4ac-5e98ef24b120,Prof.,Gaylord,Legros,"04A/36 Larson Garden Apt. 166","Hoppe Green",Sagay,Ohio,Armenia,917-846-415,825-522-158,"Nicolas Inc",simonis.info,"Geography Teacher",lime,2022-06-28,koelpin.kariane@osinski.info,"v_IDE7iX,S1ooH"
167719a7-f896-308f-9a27-bf09b329c2d6,Mrs.,Summer,Cole,"06A/73 Hudson Shoals Apt. 899","Herzog Ports",Baybay,"New Hampshire",Belgium,165-680-819,159-750-593,"Durgan PLC",altenwerth.com,"Library Worker",lime,2018-11-18,everett.reynolds@hotmail.com,[DCTNb
94200048-7986-3459-bb47-ce20737407cf,Dr.,Quinton,Quitzon,"89 Pollich Rue Suite 920","Adams Radial",Malaybalay,Kentucky,Zimbabwe,123-657-032,040-531-151,"Lesch Inc",herman.com,"Molding and Casting Worker",white,1974-07-20,krista.mayer@rolfson.com,SQ<7We<[S?JM
a3b0e1b0-41ee-3ffc-84eb-c1346136318a,Prof.,Tabitha,Toy,"72A Wiegand Court Suite 099","Hodkiewicz Lock",Marikina,Oklahoma,"Burkina Faso",453-017-903,559-939-010,Witting-Hammes,nienow.com,"Psychology Teacher",olive,1995-03-04,pwiza@yahoo.com,"?mLWo,qa:1"
1b80b800-31a0-3b2d-bca7-112f6a0ba2c8,Prof.,Dave,West,"35 Huels Drive Apt. 244","Purdy Turnpike","Cotabato City","New Hampshire",Bolivia,669-038-968,170-756-960,"Nikolaus, Donnelly and Gibson",gerhold.info,"Carpenter Assembler and Repairer",fuchsia,1992-10-10,guiseppe.shields@dooley.org,b4;f4)GA8i
c2b9392e-ff0f-3cb8-aaa0-0320080e2a44,Prof.,Raphaelle,Wolf,"75A/70 Harvey Path Suite 222","VonRueden Glens",Borongan,Georgia,Angola,839-745-748,686-801-891,Quigley-Greenfelder,oreilly.info,"Diagnostic Medical Sonographer",green,2014-12-22,olittel@hotmail.com,7EyOuR=Zq)!aB|
08d3b332-be73-385f-ba13-9986ebdfa856,Prof.,Tristian,Bruen,"73/76 Rice Corner","Hills Station","La Carlota",Indiana,Fiji,486-494-266,024-236-213,"Beatty Inc",stanton.com,Bailiff,teal,2005-06-05,geovanni80@gmail.com,t~RxbQ#Y~tH
d8666f6b-dbb8-3235-9662-b0bceb6c50cd,Dr.,Constance,VonRueden,"88 Ruecker Forges","Leuschke Views",Tabaco,Texas,"El Salvador",171-388-757,104-479-784,"Labadie, Padberg and Reynolds",schmeler.com,"Supervisor Correctional Officer",gray,1993-04-24,dharris@abbott.info,!4-(#k`|zHK9ie]
f38e1ac2-0b13-3e3b-8025-264f99ae9e63,Prof.,Lonny,Goyette,"67A/22 Koelpin Meadow","Batz Shores",Dagupan,Georgia,"Czech Republic",337-869-763,909-502-601,"Schaefer, Runolfsdottir and Altenwerth",veum.net,"Fire Fighter",lime,2022-01-18,tillman.aubrey@jast.com,)XS=yK=@
aa1fd437-c980-3ac6-856e-9986c3678c5c,Prof.,Andy,Walker,"62A/39 Ondricka Drive Apt. 415","Connelly Prairie",Legazpi,Maryland,Azerbaijan,037-970-081,902-845-414,"Bechtelar LLC",kuhic.com,"Industrial Equipment Maintenance",fuchsia,1974-07-04,ruecker.larissa@greenfelder.com,~{.>&oS
df725610-f8ec-3baf-98a3-fd0719387576,Prof.,Hettie,Lakin,"54A/51 Rice Street","McDermott Pike",Bacoor,"North Carolina",Guadeloupe,228-203-154,899-007-727,"Schowalter, Lowe and Weissnat",gorczany.com,"Biological Technician",green,1980-09-05,witting.frederick@mayert.com,HX$L/aQ&R4wjG{X2
0d01823b-50a5-3792-aafd-4c6a7825bf7e,Prof.,Magali,Purdy,"88A Schumm Lake Suite 268","Brekke Highway",Borongan,"New Mexico",Guernsey,567-925-935,214-388-850,Kris-Kirlin,lehner.com,"Elementary and Secondary School Administrators",aqua,1974-11-27,nathanael99@yahoo.com,krW?QEJwT7t!
2b5d0755-3ac8-327b-8f36-15e4cbe89f61,Prof.,Devyn,Schaden,"42A/47 Herman Vista","Price Expressway",Angeles,Maryland,Argentina,505-522-899,126-543-437,Howell-Gutkowski,herman.biz,"Transportation Worker",teal,1994-06-12,jaskolski.drew@lesch.org,KKrFrlwvctk&R`)Q.U=8
22b24c27-dafe-3759-b516-2b4101c612ac,Prof.,Price,Langosh,"64A/98 Abshire Way","Farrell Orchard",Tangub,Alabama,"Trinidad and Tobago",982-556-431,602-511-525,Schmitt-Mann,rodriguez.com,"Maintenance Supervisor",navy,1994-10-13,vgleichner@bergnaum.com,&?a/R_(%T(f;AVY
cca6b04e-23f1-3ab3-bcd4-56b75232c8a0,Dr.,Glen,Carroll,"66A/28 Johnston Wall Suite 328","Morissette Street",Muñoz,Louisiana,Nicaragua,602-955-060,610-798-088,"Hodkiewicz, Greenfelder and Turcotte",collins.biz,"Scanner Operator",white,1999-06-19,keebler.marc@rutherford.com,*{Ycww2'm
e6cd3348-f3a1-3d02-bd70-742d77467abb,Mr.,Vada,Ebert,"66/84 Bahringer Ways Apt. 626","Reynolds Coves","Batangas City",Louisiana,Belgium,612-101-694,011-212-331,Ratke-Collier,schultz.com,"Construction Manager",green,1996-06-21,brekke.deangelo@yahoo.com,"(QPm,""J"
52bb7b9f-a9d3-3882-9022-1fcc8931712b,Dr.,Ericka,Gleason,"35 Bins Creek Apt. 762","Hickle Summit",Kidapawan,Delaware,Montserrat,310-787-198,074-668-761,Kovacek-Conroy,dare.com,"Custom Tailor",white,2011-04-15,zachery.romaguera@koelpin.com,"e%N7i',JR~j0>u_#B"
7d88dbac-80bf-3d94-9956-07a6847b5a30,Mr.,Flavio,Labadie,"92A Streich Falls","Larson Turnpike",Victorias,"South Dakota",Armenia,409-830-451,256-143-500,"Wilderman, Lebsack and Johns",ledner.com,"Tour Guide",teal,2016-02-03,alexandrine82@yahoo.com,TPAvKg!5@MyO/GK
3698d093-6e93-3874-8880-34505922c3bb,Miss,Lukas,Schiller,"25A/58 Daniel Vista","Block Expressway",Palayan,Colorado,Bulgaria,288-957-765,565-207-953,"Christiansen, Fritsch and Ratke",lang.org,"Textile Machine Operator",fuchsia,1985-04-22,dare.serena@bernhard.biz,Y1eR7sR!E#
d7830210-4b5d-398e-a0fa-49fc73118147,Mrs.,Ressie,Koepp,"12 Halvorson Corners Apt. 858","Spinka Trafficway",Cadiz,Colorado,Eritrea,671-736-834,713-273-060,Weissnat-Nikolaus,harber.com,"Office Machine Operator",lime,1990-03-21,audie40@barton.info,"2$QQ,XfU(wu%U"
6be192a9-f7e5-31a0-9f1e-c5bf8328d18a,Mr.,Ralph,Lehner,"45A/52 Medhurst Squares Suite 591","Kris Grove","El Salvador","New Jersey",Macao,820-643-182,708-126-744,Wiegand-Rohan,mraz.info,"Loading Machine Operator",maroon,2009-07-12,lonnie.johns@walsh.net,$T|LVW
1da14be0-d4f9-35de-b294-64179ab357d0,Dr.,Ayla,Gislason,"59 Gleichner Mill Apt. 094","Dietrich Garden",Valenzuela,Massachusetts,Mauritania,524-281-833,206-453-082,"Beatty, Hammes and Stanton",dubuque.com,Engineering,lime,1973-11-04,arvel49@hotmail.com,"WA""zk-bV$"
371adfef-2fbf-338b-82c7-643981e509e4,Dr.,Haylie,Runolfsson,"00A Marvin Mall","Anderson Club",Dasmariñas,"Rhode Island",Greece,897-566-311,133-734-236,"Daniel Ltd",gleichner.net,"Pump Operators",navy,1982-07-09,sandrine.treutel@larson.com,Q$|gf$)
61d72664-f1fd-3881-83ef-9578551f0837,Dr.,Aliya,Hilpert,"31/76 Tillman Summit","Hegmann Tunnel","Tarlac City",Colorado,"Holy See (Vatican City State)",332-154-334,416-408-952,Donnelly-Cummerata,rowe.biz,"Aircraft Assembler",teal,1976-07-27,olarson@hotmail.com,rvHs7%dh`Z{
829665aa-4952-3dc9-aeb6-e441918cc913,Mrs.,Wilfredo,Kuhlman,"39 Hegmann Mountain Apt. 552","Hills Mission","Cebu City",Michigan,Rwanda,690-357-269,723-588-411,Lehner-Swaniawski,volkman.net,"Railroad Conductors",lime,1977-10-21,xemmerich@hotmail.com,<6cZe&={O9YHAr}*Y1S
d4801612-bb01-31d7-add5-e873683c73f1,Mrs.,Axel,Reilly,"90/36 Waelchi Motorway","Hansen Land","El Salvador",Iowa,Djibouti,186-936-241,024-577-139,"Rogahn PLC",doyle.com,"Pressing Machine Operator",maroon,1995-06-29,cornelius92@hotmail.com,G!x8wDQ'Fn>H
924391f5-0604-3169-81b1-6566568911a5,Mr.,Maverick,Dibbert,"71/93 Thompson Falls","Ernser Oval",Tandag,Oklahoma,Gambia,092-886-682,481-619-269,"Douglas, Dickens and Smitham",ernser.biz,"Payroll Clerk",teal,2005-03-11,jgutkowski@ankunding.org,#)|a-1!JgRYy~
43a94b8b-4f6f-3821-9125-3309b6ad0566,Mr.,Loren,Lockman,"27A Quigley Haven Apt. 897","Stracke Skyway",Iligan,Nevada,Paraguay,461-321-196,672-620-736,"King, Goodwin and Padberg",goodwin.com,"Material Moving Worker",purple,2004-09-02,oconnell.keven@yahoo.com,"!P92""Pk9.;R)<*x9"
c474f3ca-ee5a-36d2-9ed0-0c1ad344afb7,Dr.,Chance,Flatley,"80 Kris Port","Rodriguez Drive",Tuguegarao,Arkansas,Ireland,185-468-819,122-219-659,Dickens-Fahey,rempel.com,Auditor,blue,1979-08-21,mcasper@muller.biz,!MTYuJy
63939c7a-c791-3066-85ee-e0c4f6f41ed1,Ms.,Abe,Corkery,"29A Zulauf Courts Suite 597","McDermott Orchard",Valenzuela,Wyoming,Argentina,275-499-623,579-981-051,"Reilly, McCullough and Breitenberg",rodriguez.com,"Etcher and Engraver",green,1986-02-15,dhills@gmail.com,y*F:7h
88aec225-15d0-36cb-889a-b7ce272287b1,Mr.,Robert,Runte,"72/16 Parker Keys","Lind Hills",Pasig,Connecticut,Uruguay,413-300-632,901-920-057,Harris-Ferry,brown.org,"Bicycle Repairer",aqua,1972-03-13,wolff.abraham@hotmail.com,=?NSRF}
baa99b7c-dbf6-3dc9-b069-536b2da06a50,Miss,Ashlee,Hermiston,"97A Lang Lake Suite 645","Hoeger Greens",Kidapawan,Colorado,"Hong Kong",947-251-688,353-851-351,"Stracke, Schimmel and Schamberger",dare.com,Rigger,gray,2012-02-20,amira92@harvey.com,|W{-|K75/
a4c391bc-0c50-3994-8d74-6ad70bca7f95,Miss,Price,Hauck,"96 Schaefer Route Apt. 221","Simonis Way",Calbayog,Mississippi,Belgium,835-005-524,991-843-877,"Dickens, Fay and Leffler",wuckert.com,"Fire Fighter",yellow,2022-09-20,zulauf.nicklaus@gmail.com,srHn/n96P6FOp
e222c917-c38e-3e5c-94e3-3beb38f196bb,Prof.,Bulah,Sawayn,"20 McGlynn Pike","Ullrich Villages",Naga,Idaho,"Kyrgyz Republic",048-351-827,551-928-404,Kautzer-Spinka,kerluke.com,Prosthodontist,blue,2021-02-19,jthiel@gmail.com,u<p;Q.B
b71cfa56-3fcd-39d0-9897-7c88dcc5eca4,Prof.,Lolita,Roob,"93/10 Bayer Summit Suite 747","Oberbrunner Stream",Tangub,Oklahoma,Macedonia,918-961-297,560-580-940,"Cronin, Romaguera and Kub",larson.com,"Bartender Helper",navy,1987-09-26,muller.rhea@paucek.org,?PN>]l@;@(L.j)5
8101878d-1783-32e5-aaa7-a1d559a46de8,Dr.,Rylee,Bradtke,"15/18 Spinka Trail","Botsford Gateway",Lucena,Oregon,Monaco,721-370-411,000-633-875,"Ziemann, Nicolas and Turcotte",anderson.biz,"Material Movers",blue,1997-08-18,luciano21@kulas.com,6R>OaM3^Q6s*K|Px2
c094fcc3-59c0-3b0e-9062-5f14bdb8a2e3,Ms.,Ona,Bernhard,"21A/78 Frami Parkways","Carroll Lodge",Urdaneta,"District of Columbia",Korea,141-419-685,502-252-581,"Fadel, Streich and Thiel",okeefe.net,"Highway Maintenance Worker",fuchsia,1994-11-03,andrew.carroll@gmail.com,g]9LQM+S:lpfYBr
ba05e80d-5dba-33fd-ae3d-d277afaa32bf,Prof.,Alessandra,Runolfsson,"64 Leffler Meadows","Yost Forks","San Jose del Monte",Tennessee,"United Kingdom",775-939-651,284-044-271,Rodriguez-Armstrong,ryan.net,Construction,lime,1983-03-08,bins.everardo@hotmail.com,vFEjmW>#Y`kR>kt{
acf77e19-50ff-35be-8022-8abd058ed5e4,Dr.,Leanne,Gottlieb,"21 Wolf Mill Apt. 908","Veum Court",Isabela,Maine,Iceland,514-778-051,667-106-895,West-Tromp,rohan.com,"Claims Adjuster",purple,2022-12-27,kaycee.glover@gmail.com,d[he=DXi>kP
2ec1e09e-05bf-3ca4-bde2-21e855c04f23,Prof.,Berenice,Batz,"37A Stehr Forge","Upton Hollow",Malolos,Indiana,Benin,157-825-882,277-957-466,Rohan-Swaniawski,zulauf.com,"Traffic Technician",yellow,2012-03-12,jerde.nelle@daniel.com,sEt3.xS1(AAS#aX}T
f520be62-2cd6-3035-812b-8c030dfdfeda,Dr.,Violette,Lubowitz,"78A Rogahn Crossing Suite 224","Lindgren Coves",Angeles,Colorado,"Slovakia (Slovak Republic)",918-244-822,770-608-747,"Effertz Ltd",conn.com,"Director Religious Activities",olive,1982-12-06,cruickshank.porter@runolfsdottir.biz,DR2Gqn<@i+C$CW6se=
460a4072-0acf-32db-9fd8-8926b31ea0fa,Mr.,Kyra,Gaylord,"78/93 Sawayn Lake","Walter Isle",Panabo,Vermont,"Western Sahara",107-477-744,275-550-646,Brown-Cruickshank,harber.com,"Real Estate Broker",yellow,1983-07-18,mark65@oreilly.org,"_IGl$\@P<l*{apc24*1u"
1d5d0eb6-b1c3-3357-8961-78148d0e4725,Ms.,Oleta,Altenwerth,"75A/92 McKenzie Hills Apt. 511","Jacobi Lodge",Santiago,"New Hampshire",Mayotte,148-993-226,410-951-162,"Hegmann Inc",heller.com,"Food Servers",teal,1985-08-25,yasmin.flatley@keeling.com,'20[F0
ede4bcea-6a4d-36bb-a8eb-679600a9c5c3,Prof.,Enrique,Harvey,"70A/30 Huels Meadow","Dietrich Views","Zamboanga City",Maryland,Jordan,491-396-087,511-456-355,Larkin-Thiel,feest.com,Interviewer,maroon,1983-12-05,kendra73@barrows.com,~mnZUu0{
64b76e1e-7c79-3f53-8bd3-c93f298504c2,Miss,Emmanuelle,Howe,"66A/38 Conn Village Apt. 623","Senger Square",Malabon,Georgia,"Saudi Arabia",644-068-126,589-651-941,"Nikolaus Ltd",greenholt.com,"Ship Carpenter and Joiner",fuchsia,1977-05-16,hermiston.crystal@friesen.com,"^Jv)?\!&G6FI""G"
7e3fd1f3-b376-318f-9a24-a91b27d61e8e,Dr.,Rahul,Franecki,"38A Lemke Ford Apt. 906","Turner Canyon",Bacoor,Tennessee,"New Zealand",269-334-072,087-372-929,"Beahan LLC",hamill.com,"Precision Aircraft Systems Assemblers",fuchsia,2007-06-02,dayna30@gmail.com,9j)z[4%b]A**`)Nl
e5ea8b2a-54e7-3f31-948e-6f2e767aa94e,Miss,Jaylan,Nicolas,"77/35 Barton Burgs Apt. 902","Davis Lakes","San Jose",Oregon,"Saudi Arabia",441-631-125,458-443-694,"Kuvalis, Nikolaus and Stamm",schmitt.info,Psychologist,navy,1985-08-05,alberto97@jerde.com,cj;W:4dG&RalD'>`/>PZ
f5cf2d4d-050d-39b3-aa77-aea0ab7df20f,Prof.,Lowell,Lehner,"50A/27 Torphy Passage","Gutmann Drives",Laoag,Georgia,Kiribati,585-464-453,842-881-251,"Watsica PLC",gleason.info,"Food Science Technician",maroon,1995-05-21,oreilly.isaias@hotmail.com,dnnKb'Ev{
27ad554d-1f57-342e-b8fc-2356dc35f5ed,Prof.,Berry,Tremblay,"61A/21 Zboncak River","Ryan Ways",Meycauayan,Colorado,Montserrat,766-134-446,815-999-801,Wuckert-Heaney,feeney.com,"Airframe Mechanic",olive,2016-05-21,lora70@gmail.com,"k`gr4:]aahz""ey'"
3c75c7c1-baee-3d98-b8bd-dfb34ce28b46,Ms.,Adrain,Goyette,"11 Towne Path","Watsica Turnpike",Meycauayan,"New Jersey",Italy,550-223-676,105-354-533,"Howell Group",corkery.com,Chef,gray,1985-07-31,kaya.wilkinson@turner.com,"[#Ct$Ay]?bZi7e""`"
d7b70d58-db1d-342f-ad9c-1f535c8e3c1b,Mr.,Chloe,Shanahan,"51 Greenfelder Expressway Apt. 780","Crist Parkways",Dasmariñas,"Rhode Island",Liberia,667-720-191,130-631-183,"Fadel Group",kreiger.net,"Casting Machine Operator",fuchsia,1998-07-22,gcrooks@swift.com,"()WGwo6I"""
4c8df8f7-e59a-3775-8b72-9be740f70793,Mrs.,Brisa,Bernhard,"35A/33 Hirthe Creek Suite 969","Deckow Cliff",Ilagan,Kentucky,Brazil,881-123-523,589-047-275,Volkman-Cummings,wiza.info,"Manufacturing Sales Representative",fuchsia,2003-08-09,goodwin.bertha@gmail.com,"/;x7>03,?ZUTU*Sb'J"
f3191ea7-4bb4-3c9f-b2c8-b0e5e4d369e9,Miss,Elise,Waelchi,"88 Schiller Crest Apt. 506","Bins Spurs",Legazpi,Minnesota,Oman,066-591-660,358-251-599,"Hodkiewicz and Sons",simonis.net,"Highway Patrol Pilot",olive,1975-05-26,wkunze@cruickshank.org,qsSO)@Lb4UU]tRS4C?
8a341478-4dc0-355d-a9be-794619690b94,Mr.,Rodrigo,Glover,"79 Schowalter Highway Apt. 272","Hahn Bridge",Bacoor,Delaware,Macao,054-554-154,545-085-354,"Ortiz Ltd",torphy.biz,Sheriff,fuchsia,1987-11-07,naufderhar@hermiston.net,=e%JSe562H/1GA&qyqx
727e3622-5fc9-304b-87ba-954270eb2900,Mr.,Adell,Weissnat,"87A Leannon Springs Suite 398","Padberg Key","San Jose",Alaska,"Antigua and Barbuda",473-014-319,133-277-644,"Corkery, Stokes and Franecki",mann.com,"Vice President Of Human Resources",teal,1972-11-06,sydney22@mitchell.net,"d3\+LX"
a87f50ae-76db-3443-930f-56155d968aed,Prof.,Natasha,Schulist,"51/69 Schaden Prairie","Homenick Stream",Toledo,Florida,"Saint Barthelemy",510-113-608,167-822-595,Kuvalis-Harris,mitchell.com,"Police and Sheriffs Patrol Officer",silver,1976-12-22,ulises.wunsch@yahoo.com,S=F$#6+s8pHC
0190e3e7-71ca-3f4a-b851-121405cdc801,Prof.,Liliana,Reilly,"00A Swift Course","Waters Tunnel",Palayan,Tennessee,Benin,315-686-503,443-435-452,Yundt-Fahey,kassulke.com,"Middle School Teacher",green,1994-11-16,rachel.reilly@botsford.com,"5If&&\tk#AKdy|&~(euv"
3621e00b-4d11-36f5-8312-2dc87e22fa0d,Mr.,Berniece,Witting,"58/89 Powlowski Glen Suite 093","Abshire Heights",Talisay,Michigan,Lesotho,607-481-419,968-816-085,"Towne, Osinski and Borer",mosciski.com,"Clinical Psychologist",silver,1995-03-24,toy.mittie@bogan.com,abTTx=6
a3ae5c95-120c-3926-b35d-6859d5e54b8b,Dr.,Dariana,McDermott,"55A Ledner Coves Apt. 636","Schinner Landing","San Fernando",Maine,China,335-152-094,820-600-346,Cole-Ullrich,grady.info,"Architecture Teacher",lime,1972-10-10,koch.ephraim@dare.com,FNq``tX'U2Rc
ef82c70b-020b-3338-8bc9-8c449bf80566,Mr.,Jenifer,Veum,"27A/06 Roberts Gardens Suite 824","Tromp Inlet",Toledo,Oklahoma,"Saint Lucia",675-451-910,368-167-893,Bogisich-Gaylord,emmerich.org,"Aircraft Body Repairer",maroon,1991-09-18,mertz.harry@halvorson.info,5g6.0jD
bec1023b-79f8-34c0-9858-81b46152d774,Dr.,Jayson,O'Conner,"60A/33 Ernser Grove Suite 423","Stanton Mall",Tabaco,Kansas,Haiti,447-309-538,349-345-399,"Bergstrom Ltd",cummerata.biz,"Grounds Maintenance Worker",fuchsia,1999-01-24,jarred67@kemmer.info,SKyAbO2=>Vv1nT
c5569ebb-14a6-3e5a-a2bd-d91180318da5,Mrs.,Jennie,Erdman,"43 Kozey Court Suite 888","Eichmann Court",Kabankalan,Washington,"Dominican Republic",125-924-167,703-407-959,Kautzer-Larkin,stehr.com,Spotters,fuchsia,2016-03-18,moses.gusikowski@yahoo.com,7N3<STaE95M8tFF<V{
c20214b0-8dbf-3e9a-a656-6c73dea79733,Mr.,Kaitlyn,Morissette,"80A Batz Hills","Waelchi Drive",Calamba,"North Dakota",Korea,033-785-934,845-635-191,"Medhurst, Yundt and Senger",wunsch.com,"Medical Equipment Preparer",teal,1977-03-17,randi34@flatley.com,VU~`gC
9ed887ca-4f64-375f-8830-f98014b725be,Mr.,Kelsi,Emard,"98/55 Adams Roads","Rolfson Hollow",Ilagan,Pennsylvania,"British Virgin Islands",524-500-530,227-694-418,Doyle-Zieme,weissnat.com,"Marketing Manager",navy,1992-02-03,kristin45@hotmail.com,"~]p\hgxX""*1JLj"
f8ef3a07-2370-33fa-ae52-04ba5c1e87e8,Dr.,Monty,Corkery,"45A Daugherty View","Johnston Fords",Dasmariñas,Florida,"Dominican Republic",409-376-082,732-569-713,Kertzmann-Macejkovic,hudson.com,"Marine Engineer",green,1980-09-16,bconnelly@yahoo.com,Leqi<FO}
76e9ffca-1297-32ab-9e93-99a108a7cc55,Mr.,Damian,Sauer,"80 Barton Harbors Apt. 060","Quigley Fort","Puerto Princesa",Wyoming,"Equatorial Guinea",305-355-669,838-207-022,"Collier Ltd",boyle.com,"Gas Appliance Repairer",purple,2001-05-05,predovic.edward@hotmail.com,Hkd53K5KuKpv@d$*
ab54fe4b-515b-3e8b-ae07-1d55289309ac,Mrs.,Floyd,Grimes,"65/34 Ortiz Islands","Funk Street",Tacurong,Hawaii,Nauru,578-116-562,134-353-788,Kirlin-Zulauf,klein.com,"Forensic Investigator",white,2004-08-11,holly.rau@ferry.info,v+NM[b
09cf6479-8587-3e6d-8886-938784f8a1fb,Prof.,Cordelia,Koch,"90/88 Stehr Shoals Suite 356","Hammes Unions","El Salvador",Washington,Guinea-Bissau,783-236-051,733-744-589,"Hansen, McLaughlin and Effertz",cole.info,"Business Operations Specialist",yellow,1987-06-01,shawna.ernser@schinner.info,(.?F*-=d:eM-
a4611431-393f-30e5-801d-5abcaae62615,Prof.,Olin,Leffler,"48A Crist Burg Apt. 593","Armstrong Gardens",Mandaue,Virginia,Nigeria,994-618-690,477-344-270,Welch-Feest,hodkiewicz.biz,Patternmaker,fuchsia,1993-05-12,stanley50@veum.com,.0VL8*?b0
f07fc4d3-33b7-3058-9acf-ec3889b2b318,Prof.,Emily,Krajcik,"75A/23 Upton Crossroad","Goyette Village","San Pedro","New Jersey",Paraguay,730-516-246,758-296-523,"Simonis Ltd",rau.org,"Geological Data Technician",olive,1998-05-18,mkuhn@gmail.com,DI%&Xz3#2S|&11
7c0ee77f-28cd-380f-9243-ad4814dbe7e8,Mrs.,Keshawn,Kilback,"18A Lakin Square Apt. 022","Murray Throughway",Lucena,Nebraska,Azerbaijan,623-521-566,857-784-392,"Keeling Ltd",lowe.net,"Speech-Language Pathologist",lime,2011-07-14,iwolff@cole.com,"%'.:+o""|?r7Mh"
313aeaf4-5621-3a94-a268-1e055afc2a61,Dr.,Gerry,Wunsch,"64A/04 Stracke Lights Suite 648","Gerlach Divide",Maasin,Arkansas,Sudan,975-743-508,515-592-983,"Denesik and Sons",hirthe.com,"Civil Drafter",black,1996-06-30,jkuhic@gmail.com,"uT@s3@r8dzaBSM],]"
a7061326-a4fc-3d52-8010-8e5bb814466d,Dr.,Augustine,Dickens,"67/56 Strosin Spur Suite 623","Schneider Junctions",Calapan,Maryland,"Central African Republic",797-011-492,435-075-010,Adams-Franecki,tremblay.com,Photographer,green,1989-06-23,reuben.stroman@gmail.com,{7tbOnuaSrQIl?OH
0348919d-430b-3c41-93eb-fc0e182be3d6,Prof.,Rey,Hahn,"89A Rohan Vista Apt. 487","Collins Meadow","San Pedro",Illinois,Palau,101-540-501,564-729-071,"Marks, Waelchi and Turcotte",wisoky.com,"Radiologic Technician",lime,1998-09-19,augusta24@langworth.com,"nqf`9v~)2U{_n+vwa},."
7f632ecd-654b-3511-a26d-afefd0af951a,Mr.,Cindy,Skiles,"32 Langosh Falls Apt. 522","McCullough Shoals",Lamitan,Missouri,"Cayman Islands",052-601-166,501-226-445,"Bosco and Sons",howe.org,"Precision Aircraft Systems Assemblers",teal,1997-01-29,remmerich@gmail.com,(D*@:n-YILCu++
2e6fc4d5-5a0d-3ec6-8ecf-72c37cc774bb,Prof.,Chad,Herman,"98A/59 White Glens","Rosenbaum Summit",Tandag,Louisiana,"Palestinian Territories",066-632-912,369-922-662,"Rath and Sons",swift.com,"Railroad Yard Worker",purple,2022-03-19,schmeler.hilda@hotmail.com,_Fa/+mp@*C^w<P^
1e471a51-9f22-3705-af64-11d9a85a780c,Miss,Johanna,Gibson,"83/62 Gerlach Rapids","Mann Station",Tagum,"North Dakota",Azerbaijan,657-878-802,715-468-097,"Torp and Sons",hodkiewicz.net,Lawyer,aqua,2009-05-30,dudley.glover@huel.com,1NgsS(
147c71aa-2e30-3685-ac88-94d65eb8f6dc,Prof.,Hailey,Stehr,"25A Moen Stream Apt. 924","Will Throughway",Batac,Kentucky,"Netherlands Antilles",306-083-445,054-529-593,Lemke-Blanda,tillman.net,"Packer and Packager",aqua,1996-03-08,roberta.wintheiser@gmail.com,j{o`<g0sp+'
95c1f19c-052c-3ef6-9192-b1601a5cafb5,Mr.,Krystal,Bode,"74/29 Carter Divide","Wunsch Junction",Valenzuela,Alabama,Netherlands,171-754-368,479-429-087,Morar-Rutherford,kilback.org,"Aircraft Mechanics OR Aircraft Service Technician",black,2001-05-06,arutherford@yahoo.com,"bR""2FVwW*"
ba4120f1-bb54-3046-bd25-0a949ade108f,Ms.,Myah,Emmerich,"77/26 Hayes Mills Apt. 701","Jerde Springs","Cebu City",Florida,"French Southern Territories",126-201-314,011-873-525,"Ratke Ltd",pagac.org,"Social Science Research Assistant",fuchsia,1972-10-26,carter.narciso@gislason.com,iercK;+^{&M*
8e5d4a43-3f90-35da-8a0d-4bf81f1f8040,Mr.,Alan,Keeling,"34 Runolfsdottir Hills","O'Reilly Mount",Lamitan,Kentucky,"Palestinian Territories",051-636-371,143-060-950,"Oberbrunner and Sons",hahn.biz,"Information Systems Manager",gray,2009-09-09,schulist.deondre@nienow.com,"]#\CA<D6"
47c76e77-52d1-3754-8444-70d046a2ff15,Miss,Reggie,Bode,"87/38 Oberbrunner Road","Herzog Glens","San Fernando","New Jersey",Vanuatu,414-430-406,367-730-590,"Walker, Fisher and Mann",wuckert.com,Counselor,silver,2012-11-03,lschiller@hotmail.com,cq?lNT?'}%k4.I'.n28
ab9388a5-f6bc-3913-98e2-d512d1f0b8ff,Prof.,Heber,McCullough,"57/38 Hickle Inlet Apt. 082","Kiehn Throughway",Manila,"South Carolina","Turks and Caicos Islands",562-038-309,117-002-208,"Farrell, Wuckert and Heller",doyle.com,"Installation and Repair Technician",green,1996-03-16,luisa96@hotmail.com,_-Z1`oK4<
79f94d77-38b0-3493-b4b6-de46f530b533,Dr.,Andreane,Miller,"15A Moore Alley Apt. 536","Batz Pike",Biñan,Louisiana,Uruguay,431-744-137,106-830-676,"Schultz, Effertz and Marquardt",stracke.org,"Copy Writer",white,2000-12-03,wwitting@hills.com,cT.z(&ut#8.L^
c75f639e-f493-3a95-9664-0aaf9d30341c,Dr.,Shemar,Runolfsdottir,"87A/12 Yundt Road Suite 387","Erdman Lodge",Malaybalay,Florida,Tokelau,579-971-125,152-097-884,"Wisoky, Deckow and Pfannerstill",lubowitz.com,"Installation and Repair Technician",olive,1986-08-24,deven.moen@yahoo.com,"?9~\d1tcuDnuAH=po"
dc0d7766-8770-35ec-9461-eb8868085a8a,Dr.,Frederick,Corwin,"48A/96 Marquardt Drive Apt. 408","Bruen Keys",Tangub,Hawaii,Peru,188-633-405,124-188-005,"Champlin and Sons",schultz.info,"Machinery Maintenance",olive,2012-09-26,kgerlach@glover.com,Vu@WY8Ry(U>KIi}u
ffdb569c-784f-339e-a066-b280ebbfc758,Ms.,Ignatius,Schaden,"57 Donnelly Well Apt. 416","Howell Lodge",Palayan,Tennessee,Togo,854-159-537,022-939-389,Conn-Simonis,legros.com,Brazer,black,1978-11-26,araceli45@gmail.com,!Xu:Ej{iSX
c3c08332-cc76-3e47-940a-3d007a3c154e,Miss,Adriel,Kirlin,"48 Bartell Springs","Hahn Bypass",Roxas,Nevada,Gibraltar,433-675-798,901-624-633,Pagac-Waelchi,renner.com,"Credit Checker",white,1997-12-21,vincent87@reichert.com,$4uQFPwIz0$q&*Csu.kk
c99ba5b7-f620-3c0f-96af-de0eb2a510f1,Prof.,Yvette,Batz,"81A/45 Kemmer Harbor","Feest Plains",Mati,Pennsylvania,"Saint Helena",288-998-278,579-606-632,"Boyer, Thiel and Collier",fahey.com,"Sports Book Writer",teal,1995-05-08,cathryn.wilderman@muller.com,"\>eaA=55JE""K@|kR=Mv"
01c4a1b0-a532-3b32-991f-aac97af17b59,Dr.,Magdalen,Balistreri,"91/42 Pfeffer Track Suite 030","Zboncak Villages",Tagum,"South Carolina",Nigeria,691-943-172,473-397-608,"Kassulke, Purdy and Berge",schuppe.org,"Veterinary Assistant OR Laboratory Animal Caretaker",yellow,2011-06-14,ocie75@gmail.com,H5{sx!F{}:BxC%%1
3f3fb042-3482-3e89-8947-ffde9506fc89,Ms.,Clemmie,McDermott,"27 Jacobson Inlet","Harvey Crescent","San Jose",Wyoming,Argentina,138-494-196,136-047-135,Lang-Heidenreich,mcglynn.com,"Railroad Yard Worker",lime,1971-04-10,felipa52@hotmail.com,"n""(CI1<J`ub8^xT^c"
0e141e4c-bc8f-3721-bde0-29fcd27237c8,Dr.,Celia,Raynor,"96A/46 Hahn Point","Langosh Club",Digos,Missouri,Azerbaijan,255-870-049,069-013-546,"Grady, Hauck and Bednar",lemke.org,"Tile Setter OR Marble Setter",black,1981-04-03,mabel.kshlerin@blick.com,Y'>ZU_Kd
9a535b3f-84db-3989-87c8-e11ff875d624,Mr.,Elinor,Hickle,"37A Wehner Trafficway Apt. 544","Beer Station",Malolos,Louisiana,Timor-Leste,921-558-471,522-089-308,"Champlin Inc",tillman.com,"Credit Authorizer",black,1984-04-26,lacey.oconnell@hotmail.com,[+tJ1^f4/[~T/+bEH#8i
009d6a09-2e22-3178-b5b1-1671df1ede97,Mr.,Maggie,Murazik,"14/84 Ledner Junctions","Koch Station","La Carlota",Tennessee,Timor-Leste,514-496-931,674-154-294,Macejkovic-Feil,simonis.com,"Police Identification OR Records Officer",aqua,2021-08-16,serena.jerde@leuschke.org,_2+!;.>9bLQ3O+3.:
497b3849-b98a-35ce-a808-e29ac971013e,Prof.,Shannon,Volkman,"92A Daniel Drives","Nader Oval",Guihulngan,"New York","Papua New Guinea",873-872-558,789-822-431,McGlynn-Conroy,witting.com,"Washing Equipment Operator",blue,2007-12-18,harvey.rory@yahoo.com,At@aN%-PQ@lWCC
10ab4b59-b6cf-3a3b-ac8a-0aa7c13a6525,Mr.,Paolo,Dibbert,"26A Wehner Corner Apt. 615","Heidenreich Dam",Catbalogan,Illinois,Georgia,518-242-891,526-740-556,Shields-Zieme,lubowitz.org,"Director Of Marketing",teal,2014-06-16,roslyn90@gmail.com,I8Rf;P)A^[itG
45913e95-0070-3d0e-8bb5-05cb8bcd601c,Mr.,Sammie,Durgan,"36A Rohan Point","Ryan Passage",Victorias,Wyoming,Thailand,203-599-187,543-380-846,"Oberbrunner Inc",gibson.net,ccc,aqua,1973-01-02,gwolff@hotmail.com,MA<FeUh
1ed8430d-ba54-3584-95ab-a28ec7ce7971,Dr.,Margarita,Hickle,"23A/49 Hackett Isle","Crist Camp",Bacolod,Nebraska,"Russian Federation",549-159-923,649-520-597,Kuhn-Effertz,olson.com,"Medical Equipment Preparer",blue,1998-04-11,pagac.dayne@gmail.com,+b_F&!4Y}
0f6e1ad8-b49d-3cb6-983e-bc3280bf8d4c,Prof.,Kayleigh,Kihn,"49A/47 Krajcik River Apt. 782","Fahey Wall","San Pedro",Hawaii,Somalia,938-189-425,216-746-854,Hirthe-Kshlerin,kerluke.biz,"Director Of Marketing",black,1971-05-20,bernita93@hotmail.com,PEarA]
f1a81402-85b8-3f25-bf0f-75d29138eb55,Mrs.,Abbey,Schmitt,"87 Waters Inlet Apt. 908","Conn Junction",Escalante,Idaho,"Equatorial Guinea",840-637-376,968-436-840,Bednar-Hagenes,romaguera.com,"Radiologic Technologist and Technician",teal,1989-06-08,barrett26@hotmail.com,"b_7HrAY;!,V\K_)""Qgf"
3b201cae-f93f-3bba-b4a3-83b33ec2173f,Mr.,Ophelia,Schimmel,"72/43 Conn Alley Apt. 826","Langosh Court","General Santos",Washington,"Solomon Islands",269-035-617,956-583-258,Gerhold-Labadie,kemmer.net,"Commercial Pilot",aqua,1998-06-06,brett91@maggio.com,R`ZM5W
6b55e124-ebc4-3c0b-aa1f-892a9f2326f1,Miss,Clint,Kohler,"26 Bode Hill","Schulist Plains",Mabalacat,Illinois,"Faroe Islands",463-013-981,648-305-573,"Bins, Hodkiewicz and Schmidt",quitzon.com,"Nuclear Power Reactor Operator",fuchsia,2020-05-07,mraz.clara@halvorson.com,VwJf+`XVgHj{
2447c4b6-8446-3242-8df1-76f1c86237fc,Dr.,Jazlyn,Weissnat,"24A Powlowski Lake Suite 919","Champlin Turnpike",Malabon,Washington,Uruguay,045-820-328,041-770-919,"Kessler and Sons",cartwright.com,"Earth Driller",silver,1974-11-26,alena.predovic@gmail.com,]rh@V$'cTaKt$
fab30f61-d99e-3aa0-bbc2-f1d6a67f5516,Ms.,Brady,Wiza,"83/67 Wyman Parkway","Carter Roads",Biñan,"New York",Iraq,590-394-747,849-567-097,Lebsack-Volkman,windler.com,"Marking Machine Operator",lime,1971-06-25,bosco.dusty@gmail.com,@LU3+KkP5ME
9e0f51f9-fb5c-3db4-8eb1-8ecda02d3bad,Dr.,Hunter,Senger,"08A/01 Emard Pines","Pfannerstill Cliffs","Zamboanga City",Alaska,"United States Minor Outlying Islands",389-872-912,285-709-088,"Olson, Collins and Heathcote",pouros.net,Sailor,navy,2006-11-02,frederic93@hotmail.com,qu7tIM|
d64a1503-e52f-3da8-a227-ba80c64b4ded,Prof.,Anastacio,Bartell,"33/22 Kihn Station Apt. 859","Welch Lights",Vigan,California,Monaco,983-064-336,284-644-152,"Runolfsson Group",ankunding.net,"Plating Operator",maroon,1986-03-02,qschuppe@hotmail.com,"1pm=qbU""6]NE"
5b9e81e3-9ce4-308d-9045-691a20293698,Mr.,Amy,Anderson,"96/98 Vandervort Spurs","Kris Isle",Bais,"North Carolina",Nigeria,907-029-458,235-690-606,"Runolfsdottir PLC",abshire.com,"Explosives Expert",teal,2009-01-20,wilbert46@swift.org,~]]=}9<&ls
a3c17f90-fd87-3c45-9303-3749e2449bc2,Dr.,Name,Steuber,"41/85 Jerde Light","Ritchie Junction",Sagay,"North Dakota",Malta,675-948-456,771-994-446,"Kuvalis, Paucek and Balistreri",gulgowski.net,"New Accounts Clerk",silver,1991-04-29,marjolaine.schulist@pfannerstill.com,kvIb3l
e236976f-f634-33d7-a18f-1dff73e393e2,Mrs.,Corbin,Halvorson,"48/89 Thiel Squares Suite 774","Bashirian Village","San Pablo",Arizona,Greece,264-904-469,899-837-842,Hills-Collins,shields.info,"Product Specialist",green,1994-05-17,freeda.kihn@gmail.com,!iAXs|^#>
6ae3bed8-9a69-379c-ae06-af07ffbcbc01,Miss,Cordelia,Lowe,"39A Mann Walk Apt. 580","Macejkovic Crescent","San Pedro",Minnesota,Uganda,894-282-025,827-321-655,"VonRueden Group",donnelly.info,"Industrial Production Manager",green,2020-05-29,elisha76@yahoo.com,"f>xV_/;;""uRmX:96;"
5afc1e3d-3673-3c18-9ac1-667c08c15276,Dr.,Viviane,Feest,"29A/26 Mills Mountain Suite 055","Macejkovic Ways","Masbate City","New Hampshire",Burundi,732-950-213,543-340-042,"Funk, Pagac and Lesch",schoen.biz,"Floral Designer",olive,2006-05-20,scasper@yahoo.com,a'+>YT[>D~}
3b8be0af-8e4c-3821-8b83-cb1c0cb24cc8,Miss,Therese,Hayes,"74A/13 Bayer Square","Lakin Branch",Tayabas,Kentucky,Guatemala,791-416-834,165-230-287,Harber-Welch,rutherford.com,"Gas Pumping Station Operator",maroon,2008-04-02,hintz.lelah@gmail.com,+@Ak:M&D
d97832cb-0e86-36d6-87a5-f615d017c8f9,Prof.,Fredrick,Boyle,"58A/60 Boyer Rest","Wehner Tunnel",Catbalogan,Montana,Tuvalu,001-521-632,411-181-762,"Harvey, Hackett and Langworth",walter.org,Geologist,fuchsia,1978-12-20,rschiller@hotmail.com,"#]+z$Kkq@\"
7cb6a4b0-809d-3e7c-bf02-37d286677d27,Mr.,Annalise,Altenwerth,"22A/37 Schmidt Streets Apt. 616","Hintz Turnpike",Canlaon,Tennessee,Rwanda,590-621-727,002-187-379,Herzog-Vandervort,thiel.com,"History Teacher",lime,1999-05-04,freinger@gmail.com,P>Wt#4
e0e06160-1d59-3ffc-ae01-010e3eca8550,Prof.,Jennings,Luettgen,"42A Parisian Terrace","Mante Lock",Panabo,Arkansas,Slovenia,528-058-195,569-780-022,"Schowalter, Breitenberg and Dickens",gutkowski.com,"Material Moving Worker",navy,2016-04-27,kamron.kunde@bauch.com,?s2Z'JmFB
f8e42eab-df50-3773-8fd2-19cefd97d3a5,Dr.,Paula,Grant,"11A/09 Abbott Inlet Apt. 802","McClure Crest",Lucena,Oregon,China,822-739-408,761-421-583,Gislason-Hegmann,oconner.com,"Government Property Inspector",yellow,2004-05-06,nikolaus.emmett@fisher.com,wQ{:_&sj_Wu_c!
2557ec01-9183-3285-b7b9-b226ade34ba3,Dr.,Heath,Brekke,"89A Carter Green Suite 000","Grant Curve",Lipa,Maine,Benin,317-074-931,334-014-342,Quitzon-Price,dibbert.com,"Pantograph Engraver",lime,2010-08-27,janet56@schinner.com,Vu6F?c}u3v]#tQ6+22g
f24e01b2-8c58-3add-8217-ea4826fdfba0,Prof.,Lyda,Runolfsson,"84 Parisian Terrace Suite 157","Hill Mews","San Fernando",Montana,"Saudi Arabia",128-907-456,138-234-807,"Effertz, Hessel and Kertzmann",lehner.net,"Computer-Controlled Machine Tool Operator",gray,2019-10-29,laurine.mcdermott@hotmail.com,;'/l??Y
ecdc7813-629c-3a10-98d5-1188359ff310,Mr.,Godfrey,Beahan,"74/19 Gutmann Drive","Wolff Well",Biñan,Virginia,Angola,744-707-326,880-429-706,"Abbott LLC",king.com,Auditor,white,2016-08-09,bella.funk@lowe.net,";&:/V!rS""EvJRRb:"
991c324c-6aca-3e02-bf75-20ece96d7410,Dr.,Adaline,Jaskolski,"27/60 Shields Extension","Goodwin Villages",Catbalogan,Massachusetts,Iran,743-439-718,612-550-273,"Blick, Conn and Klocko",glover.com,"Bicycle Repairer",green,1988-12-29,hillard.reynolds@satterfield.net,I)]c<q1sw
9e31f869-5fb3-3d56-8523-42c5dbcba9f5,Prof.,Lenny,Bogisich,"98A Wyman Dale Apt. 293","Skiles Pass",Marikina,Louisiana,Suriname,887-463-736,650-954-694,Mraz-Wunsch,muller.info,"Financial Specialist",green,1991-08-11,maggio.samanta@hotmail.com,"""vWcJ^"
4bc5493b-d669-3f00-9ad8-b07fbe61ccc3,Mr.,Sydney,Feeney,"25/42 Mraz Coves Suite 248","DuBuque Keys",Balanga,"South Carolina",Kiribati,367-832-857,851-441-090,Bartoletti-Reilly,runte.com,"Civil Engineer",white,1978-01-02,darion00@stark.com,QSm3i/M8U)Y
2f0858bb-8df5-331d-9a2e-ce39a77dbed0,Dr.,Jacinto,Nader,"05A/35 Reichel Roads Apt. 837","Shanahan Canyon",Tagbilaran,Idaho,Philippines,257-751-036,817-671-382,Davis-Thiel,corkery.net,"Graduate Teaching Assistant",green,2018-08-13,aurelio.wisozk@yahoo.com,tIS'<~gd
e1f783d0-5f72-3feb-afa1-abff49585eca,Dr.,Keenan,Schmeler,"47A Heller Meadows Apt. 167","Wintheiser Island",Bais,Wisconsin,Suriname,915-589-675,685-355-252,"Frami, Hill and Weimann",farrell.com,"Cafeteria Cook",black,2008-01-08,bruen.alice@cassin.org,"p2,-qmU}>AY"
9b3f0ce1-3227-33f3-a988-8cc01772e942,Dr.,Demario,Pfeffer,"71/90 Schamberger Extension","Kautzer Estates",Dasmariñas,Tennessee,Iraq,553-964-171,787-227-131,"O'Kon, Howell and Moore",nikolaus.com,"Parking Enforcement Worker",maroon,1994-01-23,bradtke.myrna@jones.org,t@h#.jHqZOpxh
8c86dd2f-a98b-34b8-8d56-bf51db54b60d,Miss,Jeremie,Kessler,"47A Swaniawski Estate","Zemlak Flat",Tuguegarao,Oklahoma,Algeria,486-981-702,818-128-141,"Hermiston PLC",ferry.com,"Civil Drafter",navy,2010-01-06,jaren10@will.net,"GqF%As,"
48c2e54b-d000-33a0-bf60-909d33a6413f,Dr.,Spencer,Batz,"76A Lubowitz Lane Suite 550","Shanahan Estates","La Carlota",Maine,Liberia,007-126-549,217-592-678,"Mraz and Sons",bauch.com,Bookbinder,silver,1990-10-05,iwyman@yahoo.com,}*H6d7m
bed420d4-0992-348a-816b-6e0ff1c5bb52,Mr.,Reyes,Windler,"91/13 Zieme Fort","Carroll Creek",Cabuyao,Hawaii,Gambia,442-780-584,705-495-784,"Cartwright LLC",torp.biz,"Physical Therapist",gray,1999-10-10,halvorson.bettie@corkery.com,"k""<_""s8e>zXJ8"
20fcd8b3-c424-3230-a4ca-7fe252c6ba04,Miss,Omer,Ankunding,"49/44 Windler Burg","Kirlin Corner","Trece Martires",Illinois,Serbia,563-981-565,483-026-331,Fadel-McClure,orn.com,"Production Worker",yellow,2016-08-21,camylle.kunze@hackett.org,"U,rce49{FG"
3b3a21e1-a0c1-333e-aa71-bf6796957792,Prof.,Lamont,Swaniawski,"56 Glover Extension","Murazik Trace","Batangas City","New Jersey",Somalia,159-315-936,090-753-471,Bins-Strosin,mitchell.com,"Coremaking Machine Operator",black,1975-12-06,hkautzer@rogahn.org,sa2WTF)%#sO
cdc421c4-6691-300b-a49d-062a772714bb,Mrs.,Cathrine,Murazik,"66/64 Ledner Well Suite 832","Gleason Squares",Valencia,Nevada,Germany,225-297-882,508-883-934,"Hartmann Inc",kohler.biz,"Electric Motor Repairer",purple,1994-06-19,jarvis52@berge.com,wz/?HUg
0c444571-c78f-3835-bf50-f12de50092d6,Ms.,Lee,Macejkovic,"20/54 Spinka Rapid","Hoppe Well",Maasin,Colorado,Djibouti,755-453-234,115-823-196,"Hermann PLC",lakin.com,"Wholesale Buyer",lime,2015-09-21,gillian31@krajcik.com,"\HK<3:'MMrxv"
d4fc3589-207f-35de-94fd-3f77b37cae4f,Dr.,Lonnie,Hane,"91 Strosin Pines Apt. 971","Mann Alley","San Carlos",Arizona,"Hong Kong",771-111-214,183-807-531,"Lynch and Sons",koch.com,"Athletes and Sports Competitor",black,2009-02-26,gregorio.morar@bernhard.biz,(]aZ8/OZ~wx
ef2f7cac-3962-3e83-a8dd-e370522a7611,Prof.,Geovany,Green,"63/97 Krajcik Union Apt. 468","Haag Causeway","La Carlota",Washington,Paraguay,563-434-681,815-106-382,Leffler-Flatley,johns.net,"Structural Metal Fabricator",black,1985-01-22,tremblay.alverta@yahoo.com,P+n7NNGN/pPXjC]]9dS!
eedc148d-2fe2-3c87-839b-576f352f8244,Miss,Newell,Marvin,"81A Barrows Station Suite 213","Hirthe Loaf","Zamboanga City",Utah,Cameroon,894-792-982,921-933-352,"Wiegand PLC",labadie.biz,"Locomotive Engineer",white,2018-12-30,wyatt53@yahoo.com,"R.jG91*J?.\jjMH]"
4225db1c-ed75-3036-b11b-f7237e8a8adc,Dr.,Bradley,Metz,"58 Hermann Square Suite 233","Romaguera Inlet",Tacloban,Nevada,"Palestinian Territories",565-637-972,146-778-559,"Zulauf PLC",cronin.com,"Materials Scientist",blue,2016-04-25,bernice53@dickens.com,"kHW8>g:3})ft%vWA{\u="
252a2cdf-eb77-36a6-9228-d35ec947524f,Dr.,Destini,Wilderman,"45/41 Toy Prairie","Bruen Alley",Tayabas,Indiana,Gibraltar,215-307-022,631-014-940,"Durgan, Spinka and Ondricka",champlin.com,"Photographic Processing Machine Operator",green,2016-07-23,alice.beatty@hotmail.com,7`95d}.?pQEAn#64s6<h
6b49921a-54cb-30a3-867d-4f15461eddd0,Miss,Macy,Hickle,"89A Bergnaum Freeway Apt. 654","Haag Knoll",Gingoog,Kentucky,"Costa Rica",234-200-217,581-044-550,"Kuhn, Skiles and Braun",collins.biz,Buyer,olive,2003-10-31,axel.mohr@hotmail.com,"P:8p,Feg/'etB?@5Hg1"
d25cddb7-63e9-3902-b97d-f39cb84aab3d,Mr.,Warren,Pfannerstill,"40 Heidenreich Station","Kautzer Trail",Naga,"Rhode Island",Paraguay,745-567-330,413-617-343,"Ondricka, Ullrich and Champlin",kilback.org,Biophysicist,green,2017-03-11,deckow.keven@hotmail.com,"z}6@?|2z-,KRlrC."
97e83f02-8f4d-36ce-96d8-10f96ca1f048,Dr.,Hellen,Casper,"34A/91 Bayer Causeway Apt. 864","Cole Fields",Bago,Florida,"South Africa",492-455-709,591-263-335,"Borer LLC",yundt.com,"Able Seamen",white,2003-09-01,swalter@davis.net,1KwtqIudj]j
50d63430-8960-381e-80df-9a37b97574d5,Dr.,Gertrude,Yundt,"29 Watsica Lane","Toy Mills","San Pablo",Nebraska,Macedonia,611-962-303,712-507-182,"Heller, Cartwright and Zieme",carter.com,"Machine Tool Operator",fuchsia,1992-04-08,rruecker@yahoo.com,O+`Xv=IvI/F8
53e4e29f-f162-3584-bd4e-49f017fcf003,Mr.,Brent,Schmidt,"35/46 Nader Rest Apt. 076","Graham Canyon","Cagayan de Oro",Delaware,"Antarctica (the territory South of 60 deg S)",846-514-071,491-859-438,"Stanton Inc",metz.com,"Hotel Desk Clerk",olive,1995-02-08,braulio.wilkinson@weissnat.com,"`0/""T??7HfsNujEQ"
84b996bc-c52d-3e09-a742-a91757779fc0,Dr.,Hanna,Spencer,"64 Rutherford Pike Suite 799","Parker Road",Tangub,Vermont,Nepal,080-007-010,606-817-849,"Daugherty, Lockman and Howe",nolan.org,"Gaming Manager",gray,1980-05-09,edythe.stracke@sipes.org,",EcU1-*RnvC/Q4l5"
3e60951c-9823-34c4-a60b-33f581289463,Dr.,Noemy,O'Connell,"96A/45 Pfeffer Meadow","Altenwerth Port",Calamba,California,"Saint Barthelemy",229-210-373,436-357-809,"Fritsch and Sons",koepp.com,"Tax Preparer",maroon,1971-07-09,gmraz@walsh.com,xf3tK];^uHR0z
f190d9ff-e2a2-35a8-b954-d28f62f3c977,Miss,Zella,Schultz,"76 Klein Crescent","Wilderman Ways","Cavite City",Idaho,Denmark,100-033-521,497-974-932,"Pacocha, Morissette and Hagenes",ernser.com,"Physics Teacher",green,1973-01-22,louie20@hotmail.com,#Il=ZIuNGg
4aa58396-b79c-379b-a5bb-45eba25f395f,Dr.,Franco,Flatley,"27A Nitzsche Cliff","Barton Pass","Las Piñas","South Carolina","Papua New Guinea",862-299-148,677-158-634,Bayer-Batz,kutch.biz,Engineering,purple,1978-06-01,hand.kiera@yahoo.com,"O\otWqgTf?qEB$Tc@"
9b39695c-5e03-3fec-bdde-598fdfad261d,Mr.,Ara,Ferry,"56A/14 Ratke Grove Apt. 725","Hamill Canyon",Dapitan,Connecticut,Belize,278-710-792,340-324-475,Williamson-Leffler,steuber.com,"Paving Equipment Operator",maroon,1993-02-04,kendra02@grimes.info,"0EcCngBQBz;3mS<hvW\"
1f36a3d5-3370-374c-8776-ff0959dab1e7,Dr.,Lucas,Dare,"95A/85 Daugherty Underpass Apt. 171","Lakin Knolls",Bago,"West Virginia",Rwanda,107-120-557,067-082-795,"Rutherford, Adams and Hessel",langosh.org,"Textile Dyeing Machine Operator",maroon,2012-04-24,llewellyn.ledner@boyer.com,-eQ.lALFhlIq5p2&vF1G
3be4494e-9aff-373f-9794-9d62a931f019,Dr.,Ramon,Waelchi,"63A Cole Burg","Wintheiser Park",Pasig,Kansas,Nauru,258-490-358,277-087-290,"Kuvalis LLC",witting.net,"Library Science Teacher",fuchsia,1978-11-19,zlebsack@hotmail.com,:aZ/a~lOXv1ZUan:Ps
2b1f263c-96e8-3486-a9c6-3281e51aed33,Dr.,Hallie,Steuber,"11/51 Koss Trafficway Apt. 098","Moen Burg",Calapan,Florida,Rwanda,108-815-675,279-870-663,"Feeney and Sons",larson.info,Fitter,navy,1976-10-11,koss.kevin@hotmail.com,O860*oZ
5cd3823d-450d-3071-b60b-634c0da84926,Dr.,Retha,Tromp,"92A Bailey Hills","Abernathy Keys","Davao City",Wyoming,Bermuda,813-196-180,904-094-666,"Barton PLC",jacobs.info,"Wind Instrument Repairer",gray,1975-02-19,skiles.camden@volkman.com,3)'7D[7-~nw6n^UrS<y
6c808502-7acd-3887-b15d-881ae22c2b72,Dr.,Courtney,Donnelly,"98A/62 Hackett Locks","Botsford Stravenue","Santa Rosa",Delaware,"British Indian Ocean Territory (Chagos Archipelago)",835-444-823,179-157-396,"Runte Group",donnelly.net,"Letterpress Setters Operator",navy,2013-04-28,icarter@mckenzie.com,3pT)VoYbMv<
77688941-330f-3767-8fb2-0cf041ef19c7,Mrs.,Elinore,Dibbert,"64A/31 Koepp Streets","McClure Drives","Tarlac City",Oklahoma,Singapore,833-005-459,141-615-315,Yundt-Bergstrom,kuphal.info,"Social Scientists",purple,1979-10-06,adietrich@mills.com,.<t.<3V`NcD%80
2010f4a3-ad93-3e87-a9ad-039ee9c6310c,Dr.,Eleanora,Ryan,"87 Braun River","Pfannerstill Roads",Tanjay,"North Carolina",Dominica,460-835-380,773-637-514,"Morar PLC",harris.com,"Automotive Body Repairer",navy,2000-01-26,lynn.hagenes@dibbert.org,y:R2S~4t=/abL
40a7a24e-1ba0-3d08-8f67-fdee0444d701,Dr.,Wilburn,Rowe,"78 Kub Stravenue","Homenick Extensions",Panabo,Hawaii,Yemen,730-068-120,559-557-882,"Herzog, Cremin and Jakubowski",boehm.org,"Tractor-Trailer Truck Driver",purple,1995-10-25,parker05@hotmail.com,"a""pte]]!e,D"
44123eac-12ff-30ac-ac8c-5985506cbe93,Dr.,Kennedy,Fay,"61 Lynch Prairie","Windler Row","Quezon City",Delaware,"Saint Lucia",805-630-920,557-203-863,"Kub Inc",thiel.biz,Potter,yellow,2009-04-19,leonel.zemlak@lemke.biz,Y)YH|N[(iX'*ikaL
b9fcf2fb-2834-3aeb-a4a9-28079a5072fd,Prof.,Kaleb,Schoen,"83A Nienow Terrace Apt. 682","Hermiston Extension",Olongapo,Wisconsin,Zambia,280-704-959,339-038-909,"Schaefer, Conn and Shields",donnelly.com,"Electronic Masking System Operator",lime,1980-06-20,prosacco.citlalli@bernier.com,"8KvZn-&xa/+,IqDFnn;"
e2a7ea1e-ec0b-32e2-bed2-ac9148aacd20,Ms.,Neoma,Gottlieb,"35 Waters Bypass Apt. 530","Larkin Inlet",Malaybalay,"North Dakota",Honduras,339-279-740,880-040-494,"Bruen, Wiegand and Rippin",mcglynn.net,"Heavy Equipment Mechanic",aqua,1996-06-17,deonte.hilpert@gmail.com,>eU`#XQfDMf[hov{?'.
1efad006-0e92-3bc0-82f7-e7b9e2fcbb35,Mr.,Trinity,Adams,"32A/83 Strosin Avenue","Beier Turnpike",Danao,Michigan,"Cayman Islands",737-452-027,638-030-180,Considine-Corwin,feil.info,"Medical Appliance Technician",purple,2012-08-16,maddison.tremblay@pagac.org,b76;pTrFW$
aedd9787-3287-3e14-9749-8f9d446598e3,Prof.,Cordia,Reynolds,"11A/96 Hettinger Row Suite 553","Parker Highway",Bayugan,Arkansas,Honduras,440-027-745,735-995-331,"Cummings, Mitchell and Auer",heaney.com,Actuary,black,2023-09-04,mckenzie.roger@goyette.info,2luHoUN
a8adaf89-55de-3a46-bfb0-4765e017db89,Mrs.,Kurtis,Daniel,"40/74 Mohr Park Suite 632","Schultz Village",Malolos,Louisiana,Mauritius,335-535-877,523-243-550,"Hodkiewicz, Monahan and Wolf",jacobson.com,Butcher,white,2008-05-17,brendan43@hotmail.com,"&k3]u,-eEj;ZNaL?%yI"
dce411e4-3a64-37af-8101-ec127dfda501,Prof.,Pasquale,Treutel,"54A/87 Haley Fords","Schulist Fork",Tanjay,Arkansas,Niger,626-067-500,942-965-874,"Rice, Ziemann and Bailey",bechtelar.net,"Pile-Driver Operator",green,2002-06-07,roosevelt.abbott@bergnaum.com,LSt!NI-fkKAheP@8%[ta
f18b0766-e551-39d0-acf3-9dccd7ee12fb,Prof.,Lolita,Reichert,"90 VonRueden Court Apt. 135","Jast Ville",Dipolog,"District of Columbia",Bahamas,563-314-082,250-682-122,"Ryan Inc",hagenes.com,"Separating Machine Operators",silver,1992-10-13,bcartwright@hotmail.com,z#Bu*t
91bacb44-efc1-3bc3-bfb8-a3df89180f80,Mr.,Ted,Cormier,"15/82 Rutherford Street Apt. 827","Walsh Alley","Sorsogon City",Wyoming,Nicaragua,638-968-880,320-876-920,Brakus-Lehner,skiles.com,"Loan Officer",lime,1997-02-01,rosalind29@hamill.com,9fJL8y#TP1'F
944ba994-cea2-3652-ad40-c750934e5741,Dr.,Beaulah,Willms,"58 Wehner Gateway","Stracke Overpass",Bacolod,Montana,"United Arab Emirates",989-286-317,280-775-132,"Quitzon, Bahringer and Dach",durgan.info,"Food Tobacco Roasting",purple,1995-03-27,jaltenwerth@gmail.com,.8ylGwDbh`}8!s
52aad915-d0d6-3ce1-8b45-55bff54f8c05,Mr.,Jaquelin,Runolfsdottir,"27A/69 Ondricka Union","Hauck Streets",Santiago,Kansas,"Wallis and Futuna",089-722-298,229-561-303,"Gleason and Sons",thiel.org,"Aircraft Engine Specialist",black,1978-12-31,kkirlin@hotmail.com,Z~)-BD9m|!hD
3b6db277-3891-3e8c-a4db-d49f86f47a23,Prof.,Darius,Bauch,"70A/63 Considine Run","Kemmer Cliffs",Danao,"South Carolina","Saint Martin",852-253-430,472-426-316,"Purdy PLC",koepp.com,"Mathematical Scientist",olive,2015-06-26,connelly.jarrett@hotmail.com,^[c6h@|
ab6f5c37-5d03-3f95-b095-d46fd0697831,Prof.,Rowena,Jerde,"72 Predovic Lodge Apt. 246","Schaefer Garden",Mabalacat,"South Dakota",Chile,447-767-157,424-461-560,Collins-Bogan,friesen.info,"Management Analyst",purple,2012-01-15,effie.schultz@yahoo.com,"arywt1\D+7""}nE"
5155c6d2-aba1-3814-ba90-de44d07e4e1b,Prof.,Tressa,Gusikowski,"78A Bergstrom Green","Schinner Villages",Tayabas,Wisconsin,Poland,641-101-780,521-399-141,Schoen-Lehner,hoppe.com,"Mapping Technician",olive,2019-02-08,ivah.watsica@yahoo.com,"fJ*oUJoN^DRD,FlK8f"
9771ce76-21f7-3284-99a2-436a8ec0a9db,Ms.,Alexzander,Parisian,"54/56 Wehner Overpass","Stark Rest",Santiago,"West Virginia",Ecuador,840-784-937,457-665-332,"Howell, Shanahan and Durgan",dickens.net,"Sys Admin",black,1996-04-15,hwaters@lueilwitz.com,u*jpFtOP9#
68777266-5d86-3a23-aae4-f5cade75ed2f,Mrs.,Cyril,Thompson,"34A/06 Hammes Skyway","Balistreri Common",Roxas,Wyoming,Gibraltar,378-250-112,878-419-354,"Douglas LLC",ritchie.net,"Electronic Drafter",purple,2005-01-04,baumbach.christelle@hotmail.com,"/_Gv~vY\x=JA""y2G%]Y"
ca662923-5fd6-343b-a7ef-5e7ed7da8fe4,Mrs.,John,Auer,"69A Hand Mission","Okuneva Camp",Calamba,Connecticut,"Saint Martin",060-307-031,183-522-670,"Sanford, Haag and Parker",dickens.com,"Embossing Machine Operator",fuchsia,1989-07-19,jmurray@gmail.com,"}cFK70J,g#?%A"
f54c35cf-d568-37fb-b305-06925ab191d5,Prof.,Leslie,Haley,"10A/81 Beahan Fork Apt. 617","Ullrich Estates","Davao City",Pennsylvania,Liechtenstein,934-585-526,949-998-694,Schultz-Hilpert,lesch.net,"Transportation Equipment Painters",navy,2006-07-09,rwyman@mcdermott.net,hUErd_`iq-
0699d838-53e3-3d2b-9f67-6799064479ca,Dr.,Rocky,Reinger,"78 Reinger Hollow Apt. 823","Bradtke Skyway",Naga,Washington,Honduras,001-571-551,891-026-017,Volkman-Schoen,klocko.com,"Wind Instrument Repairer",silver,1972-03-06,eunice24@gmail.com,T?9Q]be0u)/?dUW
3b1ace4c-e93b-3596-a24c-39564e0da570,Prof.,Melyna,Mitchell,"10A Price Centers","Pfannerstill Coves",Angeles,Michigan,Cyprus,544-503-287,242-163-566,Howell-Leannon,dietrich.info,"Recreational Vehicle Service Technician",yellow,1998-06-27,adelle.kertzmann@boyer.info,"KsD""f'OCjJ9)`Vu+d4k"
5fbce2bd-5720-3c15-9a13-44262797865a,Prof.,Angelica,Stiedemann,"44A/31 Block Lane Apt. 442","O'Keefe Lake","Zamboanga City",Pennsylvania,Argentina,702-421-480,965-309-524,Sipes-Bergnaum,leannon.com,"Nuclear Technician",silver,2021-09-25,gvolkman@parker.com,"jSa?D\x(MHiTy!Hl"
b4200721-591c-333d-bdf4-ff5676f8ef1d,Dr.,Johathan,Torp,"15 Howell Loop","Batz Fork",Muntinlupa,Massachusetts,Niger,205-966-420,301-578-459,Reynolds-Stanton,beier.com,"Electric Meter Installer",black,2001-04-01,abatz@yahoo.com,"Rw,Y}2"
c22d38d4-2020-3412-9300-dda9ff888d6a,Mr.,Brianne,Heaney,"25A/77 Streich Cliffs","Wehner Ways","San Carlos",Louisiana,"Holy See (Vatican City State)",648-171-665,191-482-396,"O'Conner, Jerde and Ratke",steuber.com,CSI,blue,2007-08-16,qmayert@hansen.com,r()/2aB~
81e21cbc-aae3-3ea1-afa8-d1ebac73216d,Prof.,Bernita,Gottlieb,"27A Rippin Station","Stamm Mall",Danao,Oregon,Philippines,934-198-722,003-105-966,"Jones, Jast and Koepp",gleichner.com,"Fabric Pressers",navy,2022-06-29,zziemann@stehr.com,)P$omjjo#~
e70956be-117b-3498-b97a-8f0b182ab811,Prof.,Monique,Weber,"92A/01 Hand Light Suite 004","Wuckert Ranch",Dagupan,Connecticut,Belgium,789-180-575,794-549-270,"Gislason Ltd",hegmann.com,"Social and Human Service Assistant",gray,2005-07-11,hershel.harvey@hotmail.com,#7bI?7W/9e
65d1bef8-7e71-3ec1-99d0-545397d1a7a6,Prof.,Jermaine,Hilpert,"50/73 Maggio Parkway Suite 206","Williamson Ferry",Passi,Maryland,Australia,557-559-676,683-547-125,"Rempel, Lakin and Cassin",harber.com,"Fire Fighter",purple,1977-07-26,eparisian@grimes.com,&Zs%h#ChQ(Q4;<6c
3ad415b3-b670-3961-9772-1730e0b13605,Ms.,Tito,Hamill,"60A Keeling Stream","Predovic Pike",Toledo,Utah,Macedonia,620-282-360,144-636-144,"Schmeler, Nicolas and Stehr",stamm.net,"Order Filler",gray,1987-03-29,brussel@gmail.com,"H5|y-""k\|,W"
7a8ca2cc-03b8-30d2-b9b2-2c9bb9fccd1f,Mr.,Velda,Huels,"39A/65 Shanahan Lock Apt. 780","Ziemann Falls",Tangub,Nebraska,"Saint Martin",655-090-172,695-244-965,"Walsh, Carroll and Koepp",barrows.com,"First-Line Supervisor-Manager of Landscaping, Lawn Service, and Groundskeeping Worker",blue,1987-03-29,hauck.keon@jerde.com,"m""j2Mo,e`e}%)-%I#|"
8f478e12-2f99-331f-8de1-be52a1c82ce6,Miss,Mya,Johnston,"44/46 Zemlak Point Suite 983","Muller Burgs",Escalante,Utah,Luxembourg,508-290-750,019-039-058,Medhurst-Beier,wiza.com,"Logging Supervisor",yellow,1982-07-24,eliane.lindgren@yahoo.com,RdN%B#3>s<8m&b9)zH/
4002288c-2b7d-3528-8526-24a54347b1c4,Prof.,Shaina,Rempel,"08A/48 Kilback Harbor Apt. 776","Rodriguez Light",Kidapawan,Florida,"Wallis and Futuna",851-350-166,836-358-225,Kuvalis-King,wolff.info,"Fire Investigator",black,1970-07-03,urippin@lesch.net,52p!0_tvri=/Bs_
ad93ee36-c110-3149-afab-32a90fe8c7f7,Prof.,Sincere,Bartell,"43A/73 Murphy Mountain Apt. 509","Wiza Union",Carcar,Utah,Barbados,590-067-004,918-313-984,Schuster-Muller,barton.com,"Pharmaceutical Sales Representative",green,2006-12-20,royce27@yahoo.com,SM7Okop_{O
806e797d-2e7d-3390-9fe0-db23e692ebdb,Mr.,Emmy,Haley,"35A Adams Locks Suite 696","Morar Underpass",Ilagan,Arkansas,"Norfolk Island",220-253-280,183-613-013,"Wilkinson Group",monahan.com,Healthcare,black,1991-01-31,maggio.daron@gmail.com,uPfGD|)H
605ee3c3-99ad-387c-be49-1ab54d690481,Prof.,Sincere,Howell,"31 VonRueden Neck","McClure Squares",Tagum,Washington,"United States of America",548-902-111,735-529-686,Harvey-Murazik,mraz.com,Dancer,green,2002-02-25,kwuckert@hudson.net,kS39>a(GK<-S6==/$5sV
8b7bbe51-e78f-3659-82b9-f438631dd496,Prof.,Gordon,McClure,"60A Tromp Place Apt. 122","Ryan Drive",Calamba,Tennessee,"Cook Islands",556-993-255,026-763-691,"Nolan PLC",bartoletti.org,"Purchasing Manager",navy,1986-01-17,brown.coy@hahn.biz,'6`Y$(
910fc46a-ce0f-3cdc-9e4e-5e7bf8a1aa8b,Dr.,Claudie,Deckow,"74A/54 Rosenbaum Glen","Wisozk Mews",Gingoog,Ohio,Guernsey,338-680-389,481-667-092,Wisozk-Lang,bernier.org,"Mail Machine Operator",teal,1970-12-07,kwintheiser@yahoo.com,#X~v{%[Lw1U{mJi[
dfe7f4c7-7e0f-3ee8-8868-9b3dc0022d05,Dr.,Theresa,Hayes,"15/88 Koepp Mews","Gutmann Estates",Caloocan,Montana,Germany,689-723-889,952-836-534,"Emmerich, Osinski and Gulgowski",metz.info,CEO,gray,1998-02-10,prunte@gmail.com,TImz)8!j3L^IIC{!h
ab0fec3a-cc0b-34c6-9f09-72d090850b35,Prof.,Gladyce,Willms,"15A/59 Murphy Island Apt. 247","Bradtke Mill",Malolos,"Rhode Island",Azerbaijan,523-803-945,110-813-513,"Lockman, Smitham and Kilback",stracke.info,"Motorboat Mechanic",black,1993-08-16,cborer@gmail.com,"""ILq+#X"
392f5a73-0493-3ad9-afd6-f1fb4f28b7b3,Prof.,Delilah,Feeney,"78A/77 McClure Summit","Predovic Drives",Balanga,Alaska,Martinique,771-149-515,674-171-368,"Wilderman, Pollich and Mitchell",upton.net,"Hoist and Winch Operator",teal,2019-10-31,zquigley@greenfelder.info,"%\m{S!d"
6cb8ede7-f38d-3da9-a986-f51a89effadb,Dr.,Edgar,Keebler,"69A Baumbach Parkways Suite 387","Smitham Valley","Cavite City",Hawaii,"Netherlands Antilles",539-769-292,713-076-537,Daniel-Bahringer,harvey.info,"Computer Security Specialist",blue,2013-06-03,osborne.swift@hotmail.com,",SzrW4V|C"
7f276b20-ccb2-39a8-bd18-2f1f02949150,Miss,Westley,Johns,"34/17 Turcotte Via Apt. 373","Braun Estates",Himamaylan,Texas,Cambodia,512-924-575,157-865-234,"Douglas, Berge and Schmidt",altenwerth.com,Paralegal,maroon,1984-01-20,lavern.reichel@yahoo.com,"+gBWViuldN]g;g,&V6,"
c949889d-1ccd-3318-b159-443dcfe9ab13,Ms.,Joseph,Senger,"63A Walsh Centers","Daniel Ridges","Cebu City","West Virginia",Senegal,904-385-359,654-954-697,"Little, Yost and Howell",skiles.com,"Radiation Therapist",maroon,1999-01-03,weissnat.cyril@yahoo.com,"m=!R\^;"
0ff35b1f-4e8c-3834-832c-eac1c2836594,Prof.,Santina,Kozey,"08A/72 Larson Meadows","Little Stravenue",Ilagan,Michigan,Bangladesh,684-239-733,458-875-536,"Cummings LLC",nader.org,"Forensic Science Technician",black,2002-09-14,funk.blake@hansen.org,Wr-cC[z5>bvu/-JXS
671e5d4a-9727-3a9c-acf0-7e9e519eac01,Mrs.,Dejon,Wiza,"47 Koch Overpass Apt. 007","Medhurst Overpass",Malolos,Minnesota,Somalia,133-022-313,795-362-935,"Littel, Kautzer and Rutherford",bode.com,"Real Estate Association Manager",navy,2023-01-24,stracke.michael@hotmail.com,"|""!ICH!q%KQZ^]_"
801c4fe6-815a-3f2c-8edc-f32b5c37614c,Dr.,Keon,Bernhard,"94 Grimes Points Suite 852","Reichel Trail",Cabuyao,Nevada,"Turks and Caicos Islands",672-693-347,080-701-878,Considine-Kuphal,koss.com,"Merchandise Displayer OR Window Trimmer",purple,1974-07-01,deven.schoen@gmail.com,h1!'E)}&zG
48d864ee-a5b5-3687-adb8-7b6655020995,Prof.,Samara,Rau,"55A Fay Orchard","Runolfsdottir Knolls",Candon,Montana,"Sierra Leone",335-841-926,894-849-435,"Boyle, Rempel and Wunsch",jenkins.com,"Telecommunications Facility Examiner",green,1998-10-25,leda.hayes@greenholt.biz,dxLJ70
930468c2-04aa-3205-a025-99db243ed05a,Prof.,Margarete,Kshlerin,"97A/77 Quitzon Pike Suite 371","Bogisich Locks",Bayugan,"District of Columbia",Aruba,359-574-896,264-238-462,"Emmerich, Mueller and Cormier",herzog.com,"Computer Systems Analyst",lime,2001-03-27,tbode@funk.net,>mq;zyr7oW+3}{Uy$(
663ae4e8-8b69-389f-bee9-95164a4a3a3b,Dr.,Ardella,Nienow,"90A/98 Runte Vista Suite 976","Ryan Harbors",Iligan,Louisiana,Colombia,504-304-687,838-000-492,Hammes-Bode,gibson.com,"Payroll Clerk",aqua,1976-08-03,runolfsson.beverly@hotmail.com,OUBj.g]_~:mHe!=P|zI
ab6b9eb9-7007-3d10-97a8-e91d8e1f5255,Prof.,Antonio,Schuster,"28A/06 Buckridge Orchard","Gislason Springs",Legazpi,Arizona,"South Africa",094-827-927,702-150-459,West-Hilpert,green.org,"Percussion Instrument Repairer",fuchsia,1980-03-06,eric25@hoeger.net,0MVSfwz5
a26e04bd-0e80-3949-8cbe-0d4acdd4a2d8,Mrs.,Velma,Donnelly,"97A Heaney Mission","Rosenbaum Lodge",Iriga,Michigan,Sudan,920-717-400,190-985-594,"Hettinger, Wolff and Beier",schaefer.org,"Bartender Helper",lime,1976-09-03,swaniawski.kareem@orn.net,"CP.(\,`ozqd"
3ff7833a-5755-31a6-b169-a45eca988f50,Mrs.,Jerome,Nikolaus,"57A Rowe Knoll Apt. 822","Abbott Center",Tabaco,"District of Columbia",Lesotho,218-663-747,010-298-176,"Kshlerin, Thompson and Greenfelder",strosin.com,"Employment Interviewer",aqua,1988-06-24,tkozey@yahoo.com,G)IduCnl
3b007d9c-e7c2-31e6-958f-410b5455b606,Prof.,Lenna,Steuber,"38A Gulgowski Run Apt. 583","Bernhard Falls","Cotabato City",Washington,Austria,882-101-163,274-458-117,Abernathy-Schumm,kuhic.biz,Pipelayer,blue,2018-10-27,kay.roberts@purdy.com,7'dPwYpHVjc6=/]
958c8725-82f2-345a-822d-803dec301c97,Prof.,Frederick,Davis,"53 Barrows Views Suite 467","Mills Shore",Dumaguete,Tennessee,"Sierra Leone",346-682-651,589-549-239,O'Conner-Stanton,haag.biz,Buyer,yellow,1972-03-04,lauren62@gmail.com,?^F_j?;)
74b232fd-20bb-30b7-803a-1c7204a6f098,Mr.,Tiara,Wilkinson,"60 Zieme Road Suite 283","Shanahan Lane",Silay,Michigan,Nicaragua,085-854-845,359-267-183,"Prohaska, Dickens and McClure",wilkinson.com,"Law Clerk",lime,1990-07-02,maggie02@gmail.com,"^&,3:pxZH?.)=h*=.V("
0e18101a-48c7-3767-8213-65ca8aec2191,Prof.,Rossie,Wiegand,"35A Cormier Ridge","Nolan Hollow","Cotabato City",Nevada,"British Indian Ocean Territory (Chagos Archipelago)",545-822-049,457-602-041,"Haag Ltd",quitzon.net,"Drycleaning Machine Operator",lime,1994-02-14,debert@price.com,")6Q""cgtpM./Dv?K#"
f25474b9-7246-308d-b09d-a6017a0b0582,Prof.,Aliza,Emmerich,"21 Bahringer Trace Suite 414","Gusikowski Drives","San Carlos","New Mexico",Aruba,388-682-413,436-761-198,"Wyman Inc",schultz.biz,Electrician,yellow,2002-09-09,skiles.melba@hotmail.com,rLIodXu
0e6cd1ec-1961-376d-a2c8-ba16067a0916,Prof.,Mikayla,O'Connell,"78 Klein Walk","Skiles Courts","San Juan",Montana,Norway,154-653-920,897-294-491,Rutherford-Kuphal,bartoletti.com,"Food Science Technician",blue,1996-02-21,isidro.kunde@yahoo.com,wWa05z@)Y73U
0eb60904-7da5-38cb-8cf4-2910decd1710,Ms.,Lupe,Williamson,"53A Gutkowski Falls Apt. 767","Raynor Mills","Masbate City","New Jersey",Liechtenstein,131-777-184,649-060-873,"McGlynn, Auer and Waelchi",hansen.org,Legislator,teal,1998-12-12,swift.vivienne@hotmail.com,l]lk?@US
37f74b46-776c-3413-bd52-77e6ad745cea,Mrs.,Johnathon,Roberts,"58A/18 Greenfelder Plaza Suite 708","Pacocha Route",Cadiz,Ohio,"Falkland Islands (Malvinas)",975-785-538,906-797-964,Stoltenberg-Dibbert,parisian.com,"Shoe and Leather Repairer",green,1978-05-14,rstracke@powlowski.net,"K<mlN&yRL,VO#"
351e49f1-df5f-3bac-9487-821b5ac0596a,Dr.,Kenyatta,Koelpin,"73/72 Little Square Apt. 559","Satterfield Station",Talisay,"West Virginia","Antarctica (the territory South of 60 deg S)",558-620-332,866-340-125,Graham-Beer,stanton.info,"Photoengraving Machine Operator",maroon,1981-02-13,walsh.jerrell@hotmail.com,"=V6,I7aI[-3`DT#"
c4bbd1b0-dbaa-3a8b-8e47-303e534ddc0f,Dr.,Brandy,Rowe,"63 Lang Street","Gusikowski Junction",Sipalay,Kentucky,China,053-195-058,566-492-099,Kuvalis-Willms,batz.com,"Battery Repairer",blue,2015-01-04,hilbert65@hotmail.com,"Y@tyN""pKbTX!*Iwi7."
fbe00916-12e6-3e8c-9871-b8ddc97af564,Ms.,Nikko,Gibson,"11/63 Williamson Hills Suite 306","Beatty Orchard","San Fernando",Vermont,Belgium,811-732-877,925-759-545,"Haag, Reichert and O'Conner",oberbrunner.com,"Producers and Director",olive,2005-06-08,kgerlach@kemmer.com,Vc+p|=
b5271800-d5bf-3a47-a0ae-bf49cabbf041,Ms.,Alexandrine,McLaughlin,"13 Lemke Coves","Daugherty Forges",Balanga,"South Carolina","Lao People's Democratic Republic",878-411-597,642-719-185,"Dibbert, Lebsack and Hodkiewicz",simonis.info,Physicist,blue,2004-04-08,aisha.rodriguez@schinner.net,"HJ^x@ruFb.z""OwTK6"
ceeb3fd4-63d7-3381-a0f9-e25ae758cd95,Miss,Winfield,Russel,"97 Armstrong Locks","Hintz Isle",Tabuk,Missouri,Kiribati,159-599-837,131-917-426,Cole-Lueilwitz,ledner.org,"Marine Architect",aqua,1978-07-07,eudora.murray@yahoo.com,'x/)oE1ZC-vX0O19tv%
0fcd3eb7-2492-3627-b991-101aafd2f8ff,Miss,Lora,Conn,"34/14 Gibson Plaza","Runte Mall",Imus,Alabama,Jersey,953-656-195,143-457-818,"Larson, Weissnat and Ritchie",hermiston.com,"Airframe Mechanic",purple,1988-07-08,zmoen@hotmail.com,"z:B\po.wR,rX7"";>8="
5d0fb134-1cc2-3da8-8156-2341bb44e2bc,Prof.,Toy,Rolfson,"02A/76 Kshlerin Square","Zboncak Tunnel",Cabuyao,Tennessee,Lesotho,275-923-838,927-722-213,"Boehm, Gislason and Orn",carter.com,"Title Searcher",black,1990-05-12,bridie38@schultz.com,Vn^4.TUZD~-E*
818dda0a-250b-36be-8e99-03e762d2f06c,Ms.,Bernice,Rice,"33A Carter Viaduct Suite 096","Pagac Plains",Tayabas,Georgia,"Kyrgyz Republic",935-844-775,825-074-497,Rempel-Schmeler,reynolds.com,"Postsecondary Teacher",black,1999-02-09,keaton.larson@batz.info,"w[<,i`/B}"
4d650b02-82db-380d-9a58-333c2600c925,Prof.,Zack,Yost,"70/63 Strosin Alley Suite 992","Eichmann Heights",Escalante,Connecticut,Mali,248-374-624,038-111-383,"Grimes, Kovacek and Mueller",lakin.org,"Aircraft Assembler",aqua,2001-05-06,nikita.bradtke@kertzmann.com,"sC~zt(hZ'[,9lHbk"
c1576e2b-ee70-3f0c-92d8-e62b509cb069,Dr.,Agustin,Fay,"34/62 Murray Lights","Fisher Stravenue",Passi,Massachusetts,Cuba,622-098-191,986-775-358,"Hagenes PLC",schultz.org,"Rock Splitter",black,1973-03-07,reilly89@hotmail.com,vBDi(c7d`o+
112e3878-7f0a-3223-a214-7942598ba319,Ms.,Alfreda,Hermiston,"89 O'Keefe Landing Apt. 255","Ruecker Drive","Iloilo City",Alaska,Iceland,025-239-334,564-033-011,Leuschke-Torphy,rowe.biz,"Shipping and Receiving Clerk",maroon,1977-11-05,farrell.lorenza@lueilwitz.com,rkJCMh8Wn
65f1a135-27bd-38de-84f2-69148724ab30,Dr.,Jaeden,Smith,"28/40 Tremblay Gardens","Medhurst Trace",Tanauan,Mississippi,Sweden,978-625-529,692-598-456,"Leannon, Flatley and Beatty",hettinger.info,"Heating and Air Conditioning Mechanic",lime,2007-09-08,xgreen@hotmail.com,~l}k2B
9e85b104-23aa-39cb-b890-9ed4c94b46e3,Dr.,Jarrod,Rutherford,"59/80 Dare Villages Apt. 213","Ratke Mountain","San Carlos",Idaho,"Sri Lanka",935-447-686,331-573-688,Senger-Weissnat,purdy.com,"Fire Investigator",maroon,2005-08-03,lcarter@hotmail.com,B^|Y*liG7tlI9#[%&E
e5b10714-e866-38cb-8482-ab337201f9cd,Prof.,Deborah,Ward,"20 Goodwin Views","Gottlieb Bypass",Urdaneta,Indiana,Guam,270-212-227,849-036-448,Gaylord-Rippin,kunde.com,"Self-Enrichment Education Teacher",fuchsia,2024-04-08,erica99@yahoo.com,705N38
3ede3d1d-1241-3a90-b733-6691ee989f82,Prof.,Colin,Grady,"73/15 Veum Cove","Carter Junction",Alaminos,Oregon,Morocco,429-409-481,343-209-473,"Nienow, Kozey and Gorczany",wolf.info,"Computer-Controlled Machine Tool Operator",yellow,2019-10-10,coleman.brekke@roberts.info,SjVyY{j`'Wqor~i
d0f95a50-fab5-381f-a2c2-5deca6d0a75a,Dr.,Sebastian,Strosin,"62 Frami Island Apt. 150","Grady Trace","San Jose",Michigan,Lebanon,897-268-347,390-822-201,McKenzie-Purdy,huels.com,"Sales Engineer",black,2022-05-04,sadie.bauch@macejkovic.net,)NDJ{fcDTZGbZ]sWGB
5474c0cf-2618-3c79-9641-f7fcc05ee56b,Prof.,Brock,Dicki,"58 Mosciski Mount","Oberbrunner Road",Malabon,"District of Columbia",Philippines,872-616-526,238-738-736,"Predovic, Hayes and Weimann",rutherford.com,"Pharmaceutical Sales Representative",lime,2003-01-22,effertz.mauricio@thompson.com,aiU4KDmaw`
f96ba29c-575d-38c6-a60c-e18fc3f885ee,Mr.,Kariane,Rohan,"42 Fritsch Radial","Parisian Harbor","Quezon City","District of Columbia",Kenya,386-183-641,974-703-574,"Kirlin, Goodwin and Spinka",schowalter.net,"Hoist and Winch Operator",teal,1994-10-30,kathryn.streich@hotmail.com,p}5Hrl'r
36fe3755-6e1a-30a1-9510-d0332c181101,Dr.,Magdalen,Herman,"81A Muller Summit Apt. 548","Sauer Hills",Cadiz,California,Vanuatu,619-722-200,083-789-740,"Rohan and Sons",turner.com,"Bicycle Repairer",gray,1996-01-05,kip.morar@yahoo.com,3fj$JV+.c@XI[Y:f
01e23685-1166-3643-9ca8-ad87c8f9a6c0,Mrs.,Eliseo,Haag,"17A/49 DuBuque Forks","Hahn Roads",Angeles,"New Jersey",Romania,249-682-183,809-323-730,"DuBuque Group",stehr.com,"Manager of Weapons Specialists",lime,2012-06-24,wfeest@king.com,U{[C{MUk`c
ca94e6fe-c294-32b5-8ea6-2d570547d843,Prof.,Bertram,Reichel,"86 Hill Well Suite 840","Hayes Union",Valencia,Massachusetts,Spain,703-206-489,055-748-028,"Bogan LLC",gusikowski.com,"Dot Etcher",navy,1996-07-16,kristin99@yahoo.com,"a91+,o-t-#C0q"
3ae6a1ed-ede4-3eb5-9536-bd8434a2b71f,Miss,Sandra,Nienow,"29/26 Jakubowski Loop","Beatty Common",Iligan,"Rhode Island",Macedonia,504-638-965,266-045-378,"Bechtelar, Lakin and Baumbach",douglas.biz,"Construction Equipment Operator",green,2016-12-14,littel.lottie@boyer.com,fAoI'HsN
17e6ab2f-c52f-3f6e-9b4e-0348e1bbce0b,Prof.,Velma,Padberg,"61A/92 Tromp Gardens","Zulauf Fork",Bago,"North Dakota","Saudi Arabia",169-623-531,881-975-881,Spencer-Crist,schimmel.com,"Athletic Trainer",blue,2017-04-26,william82@kuhic.com,[BpYpy
fbdf8422-7853-3610-8a83-bf8db5ef42c3,Mr.,Therese,Eichmann,"58A/17 Kiehn Dam Suite 041","Ondricka Shoals",Bago,"North Dakota",Madagascar,471-637-736,729-604-333,"Skiles LLC",spencer.net,"Interpreter OR Translator",olive,1972-04-28,zabshire@altenwerth.com,"cF\sjmi[/iGYgw"
f22abadf-67af-32c4-a437-507c68067d5c,Mrs.,Emmett,Muller,"19/13 Mitchell Groves Suite 086","Bode Trail",Ligao,Maryland,"Saint Kitts and Nevis",988-167-610,424-099-173,"Swift Inc",fritsch.com,"Production Planner",silver,1992-03-24,htreutel@schiller.com,_h;u}Q8LB($y2:nTO'oU
d6db4796-7a07-385c-a0a9-a0607ceba50e,Prof.,Oswald,Kovacek,"89 Rosenbaum Pine","Simonis Fork","San Fernando",Maryland,Togo,576-399-940,688-238-197,"Hodkiewicz, Stracke and Quigley",walsh.com,"Kindergarten Teacher",black,2010-11-20,hank.rau@ankunding.com,$swQHbFH[zrb}A1hz68
64a52c8f-5a6d-3b2e-8ee4-cf6496c0e2b5,Prof.,Alexie,Yost,"78 Harber Common Suite 195","Dare Unions",Mandaluyong,Massachusetts,Tonga,006-261-289,503-420-408,Flatley-Mante,hagenes.org,"Power Plant Operator",gray,1975-01-23,cassie.romaguera@gmail.com,.y?Gy2/Qk~sP>
2dea8d62-512b-39ea-8021-78006b55a0d8,Mrs.,Bernadine,Okuneva,"49 Dietrich Point","Dickinson Drive",Valenzuela,Iowa,Switzerland,798-929-729,025-494-587,Halvorson-Schmeler,kreiger.biz,"Farm Equipment Mechanic",fuchsia,1972-07-22,johan.hermiston@hotmail.com,"|(v}V`.K7SFxV,Xu'Y^)"
93fca1c8-d988-3538-b8bb-5062d9998949,Ms.,Quentin,Brekke,"86/89 Hartmann Mills Suite 945","Becker Path","San Jose del Monte",Michigan,"Netherlands Antilles",565-323-816,043-198-750,Rogahn-Franecki,bergstrom.net,Stonemason,white,1981-10-09,sdonnelly@klocko.com,$d@nrQf
2e6be070-50bd-396e-bb2f-56077956a254,Dr.,Eddie,Walsh,"49 Reinger Mill Suite 512","Schroeder Grove",Malabon,Connecticut,Bulgaria,290-153-827,056-936-443,"Wiegand Ltd",walker.net,"Psychology Teacher",maroon,1990-11-02,gisselle19@gmail.com,fw7;+3N_2
9895091b-3290-366d-bcd3-cd4b83295b71,Mr.,Kobe,Mitchell,"94/54 Anderson Points Suite 141","Hegmann Square",Tuguegarao,Oregon,Peru,386-668-597,256-638-037,Langworth-Hackett,boehm.com,"Occupational Health Safety Technician",maroon,2022-06-05,jairo.homenick@gmail.com,"a?XZ5o|\f"
5d98fb8b-45e0-363a-a84d-3c63a8f70fd3,Dr.,Yazmin,Purdy,"52A Simonis Trail","Schaefer Walks",Tacurong,Alaska,Mexico,076-835-522,448-292-268,"O'Keefe Ltd",brakus.com,"Travel Agent",navy,1990-08-21,lula09@anderson.com,"Y'IO$a)+i[dC,{KbrU+"
ff15c037-7aef-353b-b666-b9cc27607928,Dr.,Laila,Champlin,"44A/93 Beer Mews","Stokes Courts",Tanauan,Kentucky,"El Salvador",764-812-723,548-506-029,"Dooley, Heller and Rosenbaum",mohr.com,"Technical Writer",purple,1972-11-20,auer.shawn@hotmail.com,"5Z3.ZK.i]&ZPwBAWYz\2"
63c89243-a94f-39c4-8015-032872d91917,Mrs.,Xavier,Waelchi,"75 Daugherty Run","Dach Bridge",Imus,Florida,Argentina,833-702-449,671-862-187,"Kuvalis, Rippin and Glover",jaskolski.info,"Maintenance Supervisor",aqua,2006-11-22,jeremy.oconnell@purdy.org,">%R.U6=q\D$Sj""LvD;5,"
6f532621-c848-33a5-b4f8-4df7da887c0e,Miss,Natalie,Sporer,"63/72 Kerluke Mall","Kirlin Lodge",Mandaluyong,Tennessee,"Saint Lucia",818-131-909,687-277-745,Friesen-Parker,yost.com,Molder,purple,2005-09-27,janiya.beahan@gmail.com,$?nS@BH
25e289d4-5e68-3228-8851-a54f99d3a0d7,Dr.,Ebony,Herman,"06A Kreiger Dale","O'Kon Garden",Antipolo,Hawaii,"Antarctica (the territory South of 60 deg S)",444-823-940,471-039-128,"Rowe, Haley and Morar",damore.com,"Numerical Control Machine Tool Operator",black,1972-02-14,jerrell34@dickens.com,&-xc#bi.ih
3e1d0fbb-f498-3e93-adc5-8c98d966d1a8,Prof.,Jamel,Harris,"88 Dickens Roads","Emmerich Key",Cadiz,Iowa,"American Samoa",917-385-880,975-675-949,"Connelly, Bahringer and Block",denesik.com,"Operating Engineer",green,1989-08-06,umcclure@wisoky.com,VHCP)hd
dfaed218-43b8-3fac-bcad-efad7c7bfd38,Ms.,Valerie,Windler,"10 Hodkiewicz Street","Hayes Islands","Puerto Princesa","New York",Congo,919-392-040,018-940-023,McGlynn-Larson,glover.com,"Motor Vehicle Operator",fuchsia,2000-01-03,uriel.schiller@daugherty.info,"vwIbBf,`"
976898da-6b47-312d-ba95-85f9f0945431,Dr.,Jimmy,Schiller,"17A/53 Bartoletti Causeway Suite 480","Hauck Flats","San Juan",Massachusetts,Latvia,154-806-914,037-883-364,"Hintz, Gerlach and Kunde",johnson.com,"Manager of Food Preparation",lime,1973-02-27,hirthe.creola@lebsack.com,'Iq92<
c915a202-e3d3-3d9b-8fd6-3b9431e03308,Dr.,Sofia,O'Reilly,"11 Hartmann Lodge","Heaney Street","Sorsogon City",Washington,Chile,064-447-551,024-524-863,"Murazik, Reilly and Fahey",jones.info,"Janitorial Supervisor",navy,1993-06-04,durward93@yahoo.com,97fmpLilT
51560571-6d7b-3a7c-8e0b-07faef6347ae,Dr.,Dorris,Braun,"94A Frami Motorway Suite 967","Schoen Ford",Ormoc,Florida,"Saint Lucia",569-540-023,029-889-349,"White, Stanton and Lemke",larkin.com,"Claims Examiner",green,1978-07-12,leslie.jast@littel.net,`!>bL#cS+%4qmD
099d2e44-3208-30bf-b9f1-230d808435c7,Prof.,Johnny,Reinger,"10 Block Coves","Carroll Branch",Calamba,"District of Columbia",Latvia,689-903-877,797-006-519,"Ondricka, Hartmann and Koss",windler.com,"Farm Labor Contractor",gray,2008-04-30,mgreen@towne.com,m33SWfhq{28=QpcAJ
bc3a4169-868e-3faa-9566-55192f904826,Mr.,Herta,Christiansen,"65A Larkin Mountain","Koss Flats",Lipa,Kansas,Taiwan,364-536-498,597-078-870,Ledner-Murphy,graham.info,"Museum Conservator",green,1984-06-06,hettie.glover@hoppe.com,yc:eWc$}RrL<`*
98af6e8e-99ab-327a-9ff3-6d14822ccbc2,Prof.,Merle,Bashirian,"28/96 Pfeffer Brooks Suite 672","Fisher Lakes",Guihulngan,Idaho,Belgium,373-992-400,845-374-626,"Pfannerstill, Block and Tremblay",waters.org,"Sketch Artist",maroon,2007-10-13,ariel89@hotmail.com,Vl_^'0m|/yI(:+
abdfe325-fe9c-3ee5-ace3-e69419b3f1b6,Ms.,Rodrick,Boyle,"66/23 Schimmel Loaf Suite 434","Abernathy View",Tabuk,Nevada,Kazakhstan,309-357-718,019-294-746,Feeney-Dietrich,gaylord.com,Clerk,black,2009-03-27,brown.zulauf@hotmail.com,B$)E:q!B/o[_
54ad0d7b-5dec-3365-9849-a05ad375413f,Mr.,Ron,Torp,"60A Terry Terrace Suite 467","Nicolas Village",Palayan,Hawaii,Philippines,681-175-381,334-910-414,"Lakin, Goodwin and Kirlin",nienow.org,"Logging Supervisor",olive,2022-04-27,madalyn.bahringer@boyer.com,".h`-42h\Y}/'"
df4f58b4-ec2f-365e-945c-83346c8474be,Dr.,Arnulfo,Gutkowski,"30/31 Macejkovic Ridges","Waters Bridge",Batac,California,"French Guiana",235-139-241,004-257-539,Jones-Bartell,pfannerstill.com,"Staff Psychologist",silver,1984-01-28,vwuckert@lemke.com,"Nv>dT=ro~AU?vxzM>p""w"
40324187-6256-3726-90a6-c720041161cc,Dr.,Burley,Lynch,"49A Hand Throughway","McKenzie Inlet",Lapu-Lapu,Connecticut,Serbia,066-461-522,060-118-167,"Gottlieb, Harvey and Little",herzog.com,"Marketing Manager",fuchsia,2003-04-10,gibson.kraig@gmail.com,A@v?OZq#G(ZY
7747a5ae-b124-3182-bf62-041c33d982c7,Prof.,Luisa,Reilly,"79A/30 Turcotte Light","Dickinson Flat",Tabaco,Michigan,"Faroe Islands",484-442-236,782-662-887,"Farrell, Kassulke and Becker",rau.com,Engraver,white,2002-06-20,shea.romaguera@hotmail.com,#@TJ<=
45b9c5e5-b434-3c6e-9c24-8da2d3886fff,Dr.,Jessyca,McCullough,"81/73 Conroy Villages","Reilly Lock",Manila,Kentucky,Botswana,618-800-645,002-205-879,"Pollich Inc",kub.com,"Coil Winders",lime,1979-03-25,reinger.hailee@hayes.com,_^QU`CN/~vD+cLU
9e2ab184-fd3b-3b12-8a64-0966235a5ef1,Dr.,Khalil,Grimes,"89 Hansen Stream","Boyer Ways",Talisay,Illinois,Myanmar,772-653-582,094-643-060,"Conroy, DuBuque and Barrows",ritchie.com,"Word Processors and Typist",yellow,2016-09-30,miller.kristin@damore.com,"aWzr]7^.5M}J\|n}1B\E"
97c1d452-0a9d-30b8-a6a3-3ed38cb9e329,Miss,Florencio,Collins,"73 Gislason Hill Suite 267","Boyer River",Dipolog,Wisconsin,Dominica,203-763-195,717-982-993,Kunde-Jast,bashirian.net,"Mail Clerk",blue,1972-04-12,xhickle@hammes.com,~`3N%{)~
0ac65129-fd38-3c55-a6c8-f8b0dedccbe6,Mr.,Kyle,Roob,"46A Klein Viaduct Suite 369","Weissnat Underpass",Cabanatuan,"New Jersey",Mauritius,124-139-579,382-055-299,"Lehner, McLaughlin and Wilkinson",kohler.com,"Mine Cutting Machine Operator",blue,2005-06-12,runte.odessa@wiza.com,TN8M}3[
d008ef45-f691-3a56-b415-4b56fb8011a9,Prof.,Chasity,Powlowski,"13/74 Barrows Stravenue Suite 714","Bergstrom Spur",Candon,"Rhode Island",Mayotte,226-557-737,011-620-584,"Monahan PLC",brown.info,"Range Manager",aqua,1985-02-02,heber.wisoky@hoppe.org,"Q1""[iCcaSD.vOYFZ^~"
a682b3c3-c4b1-37cb-bb4a-ea2404426f94,Mr.,Randall,Sporer,"13A Klein Trace","Mills Walk",Kabankalan,"New Mexico",Bangladesh,874-459-154,365-237-036,"Block Ltd",klocko.com,"Account Manager",green,1971-10-24,clementina38@rice.info,">Kh`r+Y/|ZC9""O}=("
29d83797-6155-367d-8f72-7b2845de6f52,Prof.,Katheryn,Feil,"10A Emmerich Club Apt. 404","Hessel Heights",Bais,Mississippi,Liberia,095-259-690,240-421-762,Kihn-Purdy,ratke.com,"Aircraft Body Repairer",teal,2012-06-13,baron.braun@rosenbaum.com,"@hzd\^Xym\T9N"
de723cea-d8f0-30fa-a15a-9465729e6111,Miss,Jessie,Wisoky,"28A/99 Leffler Trail","Connelly Ports","Cotabato City","New Mexico","Cocos (Keeling) Islands",390-769-031,994-662-082,"Klein LLC",robel.biz,"Skin Care Specialist",teal,1980-01-08,hdooley@hotmail.com,"y^?n/9k\[.5LJ9"
b1cf5826-1d62-3cdf-998e-7736d066fe15,Ms.,Dayne,Weber,"10A Veum Island","Wilderman Locks",Manila,Wyoming,Brazil,974-598-114,912-433-021,"Jenkins, Haley and Berge",schmeler.com,"Gaming Dealer",maroon,1977-09-06,pritchie@grant.com,jS.P;ssL
b282b857-a67c-3438-9394-8f62b7bc4e9e,Dr.,Maxwell,Hauck,"66/57 Wilkinson Plain Apt. 339","Turcotte Forest",Caloocan,Ohio,Colombia,999-340-674,624-959-060,"Jaskolski and Sons",abshire.com,"Ophthalmic Laboratory Technician",black,1984-10-29,djacobi@sauer.biz,"8d;1xQA|\7lE^w"
ed67381a-d6c1-3dc7-91c0-4d9b87cec06a,Prof.,Kellen,Vandervort,"51A/67 Blanda Brooks Apt. 186","Beer Glen",Caloocan,Michigan,"Cayman Islands",381-097-884,228-433-146,"Hill Ltd",feest.com,"Occupational Health Safety Specialist",olive,1970-10-15,haleigh96@gmail.com,"iwZoWL""2bf"
bab178db-ecc0-3339-94c3-9345d0a306d2,Mr.,Jayce,Lubowitz,"68A/42 Stoltenberg Fork","Leannon Fields",Maasin,Mississippi,India,514-202-098,164-555-929,Olson-Gusikowski,lindgren.net,"Watch Repairer",aqua,2011-07-26,burnice.morar@hotmail.com,"Fq{\&(*A6Wg`]QZ0H"
f9147a5e-8716-3d19-a929-8a0beb726cf6,Prof.,Javonte,Huel,"88A Reichel Dale Apt. 033","McDermott Gateway","Las Piñas",Louisiana,"Slovakia (Slovak Republic)",153-589-487,921-764-638,Denesik-Lind,thompson.biz,Mathematician,fuchsia,2014-06-19,considine.jordy@cassin.com,xh!qMwA9C
7c2b3488-8229-3d70-a57b-7026b6190365,Mr.,Clair,Reynolds,"43A/85 Gerlach Bridge Suite 665","Hahn Neck",Alaminos,Delaware,Gabon,662-370-281,702-644-586,Dach-Rau,wisoky.biz,"Instrument Sales Representative",white,1981-02-24,dward@gmail.com,)z_(D]I[!
5b731f94-0a57-330c-b4ab-5e68e0fb2822,Dr.,Jena,Jast,"73/98 Raynor Cliffs","Lemke Islands","San Carlos",Mississippi,Ethiopia,495-007-360,113-629-761,"Kunde, Parisian and Corkery",dibbert.biz,"Legal Support Worker",navy,1993-09-26,nils94@hotmail.com,OSfC5Sm&texHD
a29b847e-2082-32a1-aff8-20e22b76e07a,Mrs.,Roselyn,Carroll,"59 Wuckert Estate","Witting Mill",Borongan,"New York",Oman,991-719-687,555-615-717,Rippin-Sanford,schowalter.com,"Milling Machine Operator",purple,2018-03-07,weber.don@cronin.com,R01br6~!JQv
994a9995-f41f-3721-bfe0-28be62f0c22f,Mrs.,Angelo,Heidenreich,"67 Bayer Mall Apt. 531","Deckow Ways",Pasay,Massachusetts,Swaziland,226-127-479,000-054-977,"Daugherty, Trantow and Durgan",casper.info,"Metal Worker",maroon,2005-07-11,kreiger.hannah@yahoo.com,agejo#2(=PbFUh
37b77a96-7883-3c63-ba2a-64ea80af493e,Dr.,Theo,Nitzsche,"66A Kuhn Pine","Hand Summit",Digos,Hawaii,Zambia,768-744-205,770-941-188,"Larkin, Barrows and Morar",sipes.net,"Agricultural Science Technician",purple,1982-02-17,madalyn.homenick@yahoo.com,!^`r~hd5@<?@/L
f96ba38a-c3db-326a-8a29-5aa186efab2b,Prof.,Karley,Borer,"63/75 Bernhard Park","Kris Street",Digos,"Rhode Island",Niger,681-805-489,157-576-065,"Corkery and Sons",shields.com,"Pantograph Engraver",blue,2012-09-02,anita99@bednar.com,"=(=+Y""""L)Oy"
c477f170-aff6-371d-b6b4-cefb35721227,Prof.,Winfield,Brakus,"17 Feil Harbor","Kunde Islands",Taguig,Arkansas,Palau,370-767-528,551-875-287,"O'Keefe, Ryan and Predovic",rowe.org,"Telecommunications Facility Examiner",olive,1971-04-13,amorissette@gmail.com,|~5V1$m}`pfOr_Bagou'
452d9d4d-1bd3-38c4-a4b2-e8ac52f5cc8e,Mr.,Bruce,Turcotte,"64 Reynolds Crossing","Mueller Center",Koronadal,Georgia,Belgium,196-754-081,506-289-736,"Erdman PLC",douglas.com,"Office Machine and Cash Register Servicer",fuchsia,1994-05-31,huel.liam@yahoo.com,=Utl[*%`x&m@TvX
49ac03ee-57b4-31b4-895a-2bb78056d9e5,Prof.,Seamus,Wyman,"99 Prohaska Ranch","Ziemann Fields","San Pedro",Illinois,Lesotho,202-293-214,201-768-280,"Windler, Olson and Schultz",price.net,"Fish Game Warden",purple,1994-09-12,lizzie.ferry@yahoo.com,"f^`qNZ@9f**""~R"
f7c05dff-4492-3edd-be00-32d156580e58,Prof.,Rhoda,Olson,"40 Wunsch Union Apt. 836","Haag Via","Surigao City","North Dakota","Papua New Guinea",021-669-921,097-197-803,"Okuneva Inc",rohan.biz,Engineering,lime,1992-12-15,jamar61@hotmail.com,:5VCY0f(
855b6ac9-6370-34e1-af50-9c1dd9c14847,Prof.,Dayana,Gerlach,"20A Hand Plaza Apt. 513","Deckow Hill",Tuguegarao,Utah,Gambia,004-949-921,018-006-039,Kovacek-Heathcote,towne.org,"Logging Worker",maroon,1989-03-08,crodriguez@gmail.com,@-k15lf^jvJc~r$Sm-P
e2ba688e-02b1-3b70-8707-d2e80826292f,Mr.,Kelly,Schowalter,"74A Strosin Harbors","Gleason Passage",Tayabas,Pennsylvania,Montenegro,226-318-383,794-309-751,"Turner and Sons",willms.org,"Multiple Machine Tool Setter",silver,2004-11-25,tfisher@gmail.com,y`AT9oP|
87feeff8-01cf-391a-af1c-8c1486bfb744,Prof.,Lonie,Leffler,"27/12 Runolfsdottir Port","Schmidt Causeway",Escalante,Delaware,Tajikistan,930-835-387,952-170-401,Erdman-Dare,rau.net,Electrotyper,fuchsia,2017-10-28,ogrant@hotmail.com,lftRRy
ffaca861-5f88-35e2-8830-0dcd16c94878,Mr.,Kirsten,Lindgren,"28A O'Hara Highway Apt. 716","Roberts Manors",Tagum,Delaware,"British Indian Ocean Territory (Chagos Archipelago)",920-862-590,684-171-770,"Lueilwitz Ltd",watsica.com,"Self-Enrichment Education Teacher",maroon,1981-12-16,jerome.harris@hotmail.com,}`F/Hn[zH@
ed070fe0-6c11-3da6-9fd2-ed9f7f3f7e11,Mrs.,Elisabeth,Douglas,"33/14 Schneider Trail","Larson Streets",Guihulngan,Oregon,Cameroon,671-002-413,113-274-413,"Gottlieb, Ward and Jast",mckenzie.com,"Musical Instrument Tuner",green,1989-10-10,hermann.vaughn@gmail.com,nTKs/x-SJHEQi
900a7b01-bb80-3b3b-92d2-86cbf6eecbac,Dr.,Mac,Von,"91A/48 Bins Turnpike Suite 763","Hilpert Gateway",Calbayog,"West Virginia",Kazakhstan,247-341-359,914-997-346,"Anderson Inc",streich.info,"Business Manager",blue,1999-08-12,opal.stanton@kertzmann.info,"$8zlS65}|"""
d3980f06-aa77-3ae2-8eed-3f962e2316ba,Prof.,Waino,Block,"57 Dicki Rapid","Kuhlman Ridges",Lapu-Lapu,"North Carolina",Belarus,355-057-152,572-581-485,Greenholt-Boyle,cronin.com,"Set Designer",black,1983-06-11,stephania10@hotmail.com,"]uDs{y_X1-(AuG"""
